job_id	dandiset_id	within_dandiset_path	pipeline	version	params	config	codebase	content_id	asset_size_bytes	status	created_at	job_submission_time	job_completion_time	queue_wait_seconds	run_duration_seconds	process_wall_time_seconds
job-2609250bf9a3	000022	sub-791857600/sub-791857600_ses-816200189_probe-836943715_ecephys.nwb	lfp	v0.9.5	2f6768c		v0.9.5	4d72725a-f91d-4fa6-8378-c5f5307c607f	2598156702	stalled	2026-09-27T12:33:01.975936-04:00	2026-09-27T12:33:02.027811-04:00		0		
job-2607153606c0	000114	sub-V110/sub-V110_ses-03032018_ecephys.nwb	aind+ephys	v1.2.4	1cbdbee	7940dfd	v0.3.49	508346b7-5ed0-4590-b62e-228b86e72970	35016374893	failed	2026-09-17T23:59:34.472946-04:00	2026-09-17T23:59:35.499535-04:00	2026-09-17T23:59:36.378045-04:00	1	1	563
job-2607213606c0	000114	sub-V110/sub-V110_ses-03032018_ecephys.nwb	aind+ephys	v1.2.4	1cbdbee	7940dfd	v0.3.49	508346b7-5ed0-4590-b62e-228b86e72970	35016374893	failed	2026-09-17T23:59:37.239536-04:00	2026-09-17T23:59:37.250359-04:00	2026-09-17T23:59:38.585622-04:00	0	1	394
job-260910c2e229	000114	sub-V111/sub-V111_ses-03032018_ecephys.nwb	aind+ephys	v1.2.2	1cbdbee	7940dfd	v0.3.28	cf652220-5119-47b0-99d9-c87deac4e888	12633793404	failed	2026-09-16T14:06:45.672783-04:00	2026-09-16T14:06:46.757228-04:00	2026-09-16T14:06:46.772751-04:00	1	0	
job-260720111a1f	000114	sub-V111/sub-V111_ses-03052018_ecephys.nwb	aind+ephys	v1.2.4	1cbdbee	7940dfd	v0.3.49	1f7a5854-dbef-42bb-a77c-931d6b7e96c0	30285180895	failed	2026-09-17T23:59:41.524225-04:00	2026-09-17T23:59:42.431301-04:00	2026-09-17T23:59:43.197484-04:00	1	1	69
job-260910111a1f	000114	sub-V111/sub-V111_ses-03052018_ecephys.nwb	aind+ephys	v1.2.4	1cbdbee	7940dfd	v0.3.49	1f7a5854-dbef-42bb-a77c-931d6b7e96c0	30285180895	failed	2026-09-16T14:06:47.652946-04:00	2026-09-16T14:06:48.568231-04:00	2026-09-16T14:06:49.525078-04:00	1	1	69
job-260708b78769	000114	sub-V111/sub-V111_ses-03062018_ecephys.nwb	aind+ephys	v1.2.4	1cbdbee	7940dfd	v0.3.49	8c843021-85de-4857-868f-6731fa1f40bd	33727188963	failed	2026-09-17T23:59:45.647484-04:00	2026-09-17T23:59:45.842536-04:00	2026-09-17T23:59:47.001830-04:00	0	1	2825
job-260910b78769	000114	sub-V111/sub-V111_ses-03062018_ecephys.nwb	aind+ephys	v1.2.4	1cbdbee	7940dfd	v0.3.49	8c843021-85de-4857-868f-6731fa1f40bd	33727188963	failed	2026-09-16T14:06:50.385787-04:00	2026-09-16T14:06:50.421847-04:00	2026-09-16T14:06:52.295060-04:00	0	2	2825
job-2607116daeaf	000114	sub-V116/sub-V116_ses-03082018_ecephys.nwb	aind+ephys	v1.2.4	1cbdbee	7940dfd	v0.3.49	02fa7c00-efc5-4a80-9948-e8b676306bc2	31090210457	failed	2026-09-17T23:59:49.074841-04:00	2026-09-17T23:59:49.607081-04:00	2026-09-17T23:59:50.646807-04:00	1	1	70
job-2609106daeaf	000114	sub-V116/sub-V116_ses-03082018_ecephys.nwb	aind+ephys	v1.2.4	1cbdbee	7940dfd	v0.3.49	02fa7c00-efc5-4a80-9948-e8b676306bc2	31090210457	failed	2026-09-16T14:06:53.341395-04:00	2026-09-16T14:06:53.306320-04:00	2026-09-16T14:06:54.940726-04:00	0	2	70
job-2607082a7f29	000114	sub-V116/sub-V116_ses-03102018_ecephys.nwb	aind+ephys	v1.2.4	1cbdbee	7940dfd	v0.3.49	a2315375-dc06-44fe-ad19-df1ff45ede61	11460135790	failed	2026-09-17T23:59:52.748721-04:00	2026-09-17T23:59:52.787813-04:00	2026-09-17T23:59:53.896790-04:00	0	1	6310
job-2609102a7f29	000114	sub-V116/sub-V116_ses-03102018_ecephys.nwb	aind+ephys	v1.2.4	1cbdbee	7940dfd	v0.3.49	a2315375-dc06-44fe-ad19-df1ff45ede61	11460135790	failed	2026-09-16T14:06:55.976692-04:00	2026-09-16T14:06:55.951159-04:00	2026-09-16T14:06:56.974231-04:00	0	1	6310
job-260910cbee52	000114	sub-V118/sub-V118_ses-03182018_ecephys.nwb	aind+ephys	v1.2.2	1cbdbee	0d4bf36	v0.3.27	d30f098a-8061-451e-8a9a-00e362d9cdaf	37446575259	failed	2026-09-16T14:06:57.769404-04:00	2026-09-16T14:06:58.693682-04:00	2026-09-16T14:06:59.661203-04:00	1	1	129
job-260712d6e750	000114	sub-V118/sub-V118_ses-03192018_ecephys.nwb	aind+ephys	v1.2.4	1cbdbee	7940dfd	v0.3.49	e71096a3-999c-45de-852e-365a92709f27	30621801968	failed	2026-09-17T23:59:57.477997-04:00	2026-09-17T23:59:58.234797-04:00	2026-09-17T23:59:59.044092-04:00	1	1	320
job-260713d6e750	000114	sub-V118/sub-V118_ses-03192018_ecephys.nwb	aind+ephys	v1.2.4	1cbdbee	7940dfd	v0.3.49	e71096a3-999c-45de-852e-365a92709f27	30621801968	failed	2026-09-17T23:59:59.753851-04:00	2026-09-17T23:59:59.792470-04:00	2026-09-18T00:00:03.835081-04:00	0	4	93
job-260717d6e750	000114	sub-V118/sub-V118_ses-03192018_ecephys.nwb	aind+ephys	v1.2.4	1cbdbee	7940dfd	v0.3.49	e71096a3-999c-45de-852e-365a92709f27	30621801968	failed	2026-09-18T00:00:05.410055-04:00	2026-09-18T00:00:05.521208-04:00	2026-09-18T00:00:06.534846-04:00	0	1	189
job-2609263c0f4b	000114	sub-V118/sub-V118_ses-03212018_ecephys.nwb	lfp	v0.9.5	2f6768c		v0.9.5	42b9f9ad-a677-49f8-a887-21de353af178	48733037512	stalled	2026-09-27T12:33:10.860675-04:00	2026-09-27T12:33:10.846541-04:00		0		
job-260725a9ba0a	000114	sub-V85/sub-V85_ses-12102017-2_ecephys.nwb	aind+ephys	v1.2.4	1cbdbee	7940dfd	v0.3.49	a31a1184-08cc-47b6-a5cd-940d7b6d1abd	4803580809	failed	2026-09-18T00:00:09.452145-04:00	2026-09-18T00:00:10.537781-04:00	2026-09-18T00:00:11.282006-04:00	1	1	244
job-260910a9ba0a	000114	sub-V85/sub-V85_ses-12102017-2_ecephys.nwb	aind+ephys	v1.2.4	1cbdbee	7940dfd	v0.3.49	a31a1184-08cc-47b6-a5cd-940d7b6d1abd	4803580809	failed	2026-09-16T14:07:03.753372-04:00	2026-09-16T14:07:04.357290-04:00	2026-09-16T14:07:05.408834-04:00	1	1	244
job-260708d2badf	000114	sub-V85/sub-V85_ses-12102017_ecephys.nwb	aind+ephys	v1.2.4	1cbdbee	7940dfd	v0.3.49	f6f57621-c09d-41c6-8d1a-b5d405f1d40a	31577120965	failed	2026-09-18T00:00:13.405834-04:00	2026-09-18T00:00:13.685546-04:00	2026-09-18T00:00:14.574032-04:00	0	1	380
job-260910d2badf	000114	sub-V85/sub-V85_ses-12102017_ecephys.nwb	aind+ephys	v1.2.4	1cbdbee	7940dfd	v0.3.49	f6f57621-c09d-41c6-8d1a-b5d405f1d40a	31577120965	failed	2026-09-16T14:07:06.297133-04:00	2026-09-16T14:07:06.288127-04:00	2026-09-16T14:07:07.911583-04:00	0	2	380
job-260625326f8c	000363	sub-440959/sub-440959_ses-20190225T142613_behavior+ecephys+image+ogen.nwb	aind+ephys	v1.2.4	1cbdbee	7940dfd	v0.3.46	3d5e9b88-649c-41df-bbec-36fd5cd48b9f	274399228635	failed	2026-09-18T00:00:16.905208-04:00	2026-09-18T00:00:17.653501-04:00	2026-09-18T00:00:18.444042-04:00	1	1	30004
job-260910326f8c	000363	sub-440959/sub-440959_ses-20190225T142613_behavior+ecephys+image+ogen.nwb	aind+ephys	v1.2.4	1cbdbee	7940dfd	v0.3.46	3d5e9b88-649c-41df-bbec-36fd5cd48b9f	274399228635	failed	2026-09-16T14:07:08.697230-04:00	2026-09-16T14:07:08.722263-04:00	2026-09-16T14:07:10.058308-04:00	0	1	30004
job-2606231fd6da	000363	sub-460436/sub-460436_ses-20200107T111633_behavior+ecephys+image+ogen.nwb	aind+ephys	v1.2.4	1cbdbee	7940dfd	v0.3.43	011a04c3-e2c1-4abc-ad03-7c2858c2598c	381279870629	failed	2026-09-18T00:00:20.588611-04:00	2026-09-18T00:00:20.645802-04:00	2026-09-18T00:00:22.060100-04:00	0	1	54856
job-2609101fd6da	000363	sub-460436/sub-460436_ses-20200107T111633_behavior+ecephys+image+ogen.nwb	aind+ephys	v1.2.4	1cbdbee	7940dfd	v0.3.43	011a04c3-e2c1-4abc-ad03-7c2858c2598c	381279870629	failed	2026-09-16T14:07:11.157944-04:00	2026-09-16T14:07:11.166950-04:00	2026-09-16T14:07:13.266969-04:00	0	2	54856
job-260625e155c9	000363	sub-479121/sub-479121_ses-20200923T151145_behavior+ecephys+ogen.nwb	aind+ephys	v1.2.4	1cbdbee	7940dfd	v0.3.46	c04e50bb-0ac5-45c8-aa8c-427bc96ff0cb	417355596022	failed	2026-09-18T00:00:24.203625-04:00	2026-09-18T00:00:24.512251-04:00	2026-09-18T00:00:25.379225-04:00	0	1	90
job-260910e155c9	000363	sub-479121/sub-479121_ses-20200923T151145_behavior+ecephys+ogen.nwb	aind+ephys	v1.2.4	1cbdbee	7940dfd	v0.3.46	c04e50bb-0ac5-45c8-aa8c-427bc96ff0cb	417355596022	failed	2026-09-16T14:07:14.398753-04:00	2026-09-16T14:07:14.284067-04:00	2026-09-16T14:07:15.716823-04:00	0	1	90
job-26062266fd9b	000363	sub-479149/sub-479149_ses-20201211T110651_behavior+ecephys.nwb	aind+ephys	v1.2.4	1cbdbee	7940dfd	v0.3.42	dcadd365-57d8-4632-b750-3c20032a2e2d	337813768352	failed	2026-09-18T00:00:27.628444-04:00	2026-09-18T00:00:27.671345-04:00	2026-09-18T00:00:28.380566-04:00	0	1	
job-26091066fd9b	000363	sub-479149/sub-479149_ses-20201211T110651_behavior+ecephys.nwb	aind+ephys	v1.2.4	1cbdbee	7940dfd	v0.3.42	dcadd365-57d8-4632-b750-3c20032a2e2d	337813768352	failed	2026-09-16T14:07:16.498986-04:00	2026-09-16T14:07:16.527021-04:00	2026-09-16T14:07:17.212535-04:00	0	1	
job-260621f8ad51	000363	sub-479149/sub-479149_ses-20201218T113815_behavior+ecephys+ogen.nwb	aind+ephys	v1.2.4	1cbdbee	7940dfd	v0.3.39	04311581-bb01-486b-8bfa-771be095b10d	260148472752	failed	2026-09-18T00:00:30.004507-04:00	2026-09-18T00:00:30.855036-04:00	2026-09-18T00:00:31.615241-04:00	1	1	32900
job-260910f8ad51	000363	sub-479149/sub-479149_ses-20201218T113815_behavior+ecephys+ogen.nwb	aind+ephys	v1.2.4	1cbdbee	7940dfd	v0.3.39	04311581-bb01-486b-8bfa-771be095b10d	260148472752	failed	2026-09-16T14:07:18.297736-04:00	2026-09-16T14:07:18.335283-04:00	2026-09-16T14:07:20.406833-04:00	0	2	32900
job-260621e0257a	000363	sub-480133/sub-480133_ses-20201224T122322_behavior+ecephys.nwb	aind+ephys	v1.2.4	1cbdbee	7940dfd	v0.3.42	1fc0a9f7-4c3e-49d7-b913-c90c3b7c0eca	243949139838	failed	2026-09-18T00:00:33.729450-04:00	2026-09-18T00:00:34.331102-04:00	2026-09-18T00:00:34.363618-04:00	1	0	
job-260910e0257a	000363	sub-480133/sub-480133_ses-20201224T122322_behavior+ecephys.nwb	aind+ephys	v1.2.4	1cbdbee	7940dfd	v0.3.42	1fc0a9f7-4c3e-49d7-b913-c90c3b7c0eca	243949139838	failed	2026-09-16T14:07:21.392752-04:00	2026-09-16T14:07:21.458361-04:00	2026-09-16T14:07:22.330592-04:00	0	1	
job-260613603d0e	000363	sub-480133/sub-480133_ses-20201226T121710_behavior+ecephys+ogen.nwb	aind+ephys	v1.2.2	1cbdbee	7940dfd	v0.3.34	8082acb8-c2b8-4c7d-9375-4c48e336b9bb	356883333064	failed	2026-09-18T00:00:36.224783-04:00	2026-09-18T00:00:36.829859-04:00	2026-09-18T00:00:37.746779-04:00	1	1	190
job-260910603d0e	000363	sub-480133/sub-480133_ses-20201226T121710_behavior+ecephys+ogen.nwb	aind+ephys	v1.2.2	1cbdbee	7940dfd	v0.3.34	8082acb8-c2b8-4c7d-9375-4c48e336b9bb	356883333064	failed	2026-09-16T14:07:23.367143-04:00	2026-09-16T14:07:23.417210-04:00	2026-09-16T14:07:24.394688-04:00	0	1	190
job-260707c3d63b	000363	sub-480133/sub-480133_ses-20201230T112558_behavior+ecephys+ogen.nwb	aind+ephys	v1.2.4	1cbdbee	7940dfd	v0.3.49	bb5b491e-0075-4cdf-9ccc-70e7e182e433	453332262522	stalled	2026-09-18T00:00:39.863212-04:00	2026-09-18T00:00:39.938307-04:00		0		
job-260910c3d63b	000363	sub-480133/sub-480133_ses-20201230T112558_behavior+ecephys+ogen.nwb	aind+ephys	v1.2.4	1cbdbee	7940dfd	v0.3.49	bb5b491e-0075-4cdf-9ccc-70e7e182e433	453332262522	stalled	2026-09-16T14:07:25.236849-04:00	2026-09-16T14:07:25.289460-04:00		0		
job-260910c75410	000363	sub-480133/sub-480133_ses-20210103T133044_behavior+ecephys+ogen.nwb	aind+ephys	v1.2.2	1cbdbee	7940dfd	v0.3.28	774d38e2-d13b-4846-b147-e789c59b07b3	361989092402	failed	2026-09-16T14:07:27.124979-04:00	2026-09-16T14:07:27.241171-04:00	2026-09-16T14:07:28.378315-04:00	0	1	69
job-26062473b776	000363	sub-480134/sub-480134_ses-20210110T134005_behavior+ecephys+ogen.nwb	aind+ephys	v1.2.4	1cbdbee	7940dfd	v0.3.46	3f2cd8be-1c55-4ce4-bccc-d307d7238d5e	480280717492	failed	2026-09-18T00:00:43.229723-04:00	2026-09-18T00:00:44.023526-04:00	2026-09-18T00:00:44.780339-04:00	1	1	69
job-26091073b776	000363	sub-480134/sub-480134_ses-20210110T134005_behavior+ecephys+ogen.nwb	aind+ephys	v1.2.4	1cbdbee	7940dfd	v0.3.46	3f2cd8be-1c55-4ce4-bccc-d307d7238d5e	480280717492	failed	2026-09-16T14:07:29.329659-04:00	2026-09-16T14:07:29.309625-04:00	2026-09-16T14:07:31.269091-04:00	0	2	69
job-260624386e5a	000363	sub-480135/sub-480135_ses-20210226T161028_behavior+ecephys+ogen.nwb	aind+ephys	v1.2.4	1cbdbee	7940dfd	v0.3.46	6718b709-5de5-45b6-9368-ce559c8601bf	332496195464	failed	2026-09-18T00:00:46.989732-04:00	2026-09-18T00:00:47.059582-04:00	2026-09-18T00:00:48.471669-04:00	0	1	225
job-260910386e5a	000363	sub-480135/sub-480135_ses-20210226T161028_behavior+ecephys+ogen.nwb	aind+ephys	v1.2.4	1cbdbee	7940dfd	v0.3.46	6718b709-5de5-45b6-9368-ce559c8601bf	332496195464	failed	2026-09-16T14:07:32.372735-04:00	2026-09-16T14:07:32.295115-04:00	2026-09-16T14:07:33.678032-04:00	0	1	225
job-260910e36c8e	000363	sub-480135/sub-480135_ses-20210302T140243_behavior+ecephys+ogen.nwb	aind+ephys	v1.2.2	1cbdbee	7940dfd	v0.3.28	37cebdc6-9878-45c7-91ef-310491c93793	376025500247	failed	2026-09-16T14:07:34.420161-04:00	2026-09-16T14:07:35.511289-04:00	2026-09-16T14:07:36.644556-04:00	1	1	394
job-260612a2fdca	000363	sub-480927/sub-480927_ses-20210222T130313_behavior+ecephys+ogen.nwb	aind+ephys	v1.2.2	1cbdbee	7940dfd	v0.3.34	bc49b8f7-6c83-4136-ba99-063533520783	304661599363	failed	2026-09-18T00:00:51.841723-04:00	2026-09-18T00:00:52.083858-04:00	2026-09-18T00:00:53.115357-04:00	0	1	70
job-260910a2fdca	000363	sub-480927/sub-480927_ses-20210222T130313_behavior+ecephys+ogen.nwb	aind+ephys	v1.2.2	1cbdbee	7940dfd	v0.3.34	bc49b8f7-6c83-4136-ba99-063533520783	304661599363	failed	2026-09-16T14:07:37.645108-04:00	2026-09-16T14:07:37.637095-04:00	2026-09-16T14:07:39.429374-04:00	0	2	70
job-2609108e049b	000363	sub-480927/sub-480927_ses-20210223T135753_behavior+ecephys+ogen.nwb	aind+ephys	v1.2.2	1cbdbee	0d4bf36	v0.3.27	a414cb64-ce4b-432f-b1aa-ffd47c9ddb9a	303924607045	failed	2026-09-16T14:07:40.546530-04:00	2026-09-16T14:07:40.527003-04:00	2026-09-16T14:07:41.642708-04:00	0	1	70
job-2606228a0262	000363	sub-480928/sub-480928_ses-20210125T124258_behavior+ecephys+ogen.nwb	aind+ephys	v1.2.4	1cbdbee	7940dfd	v0.3.42	1ef4ac37-a175-41ec-9902-711933151a42	513737545307	failed	2026-09-18T00:00:56.752792-04:00	2026-09-18T00:00:57.516990-04:00	2026-09-18T00:00:57.550423-04:00	1	0	
job-2606228a0262-2	000363	sub-480928/sub-480928_ses-20210125T124258_behavior+ecephys+ogen.nwb	aind+ephys	v1.2.4	1cbdbee	7940dfd	v0.3.43	1ef4ac37-a175-41ec-9902-711933151a42	513737545307	failed	2026-09-18T00:00:58.498400-04:00	2026-09-18T00:00:58.849953-04:00	2026-09-18T00:01:00.235685-04:00	0	1	189
job-26072681748c	000363	sub-480928/sub-480928_ses-20210128T133949_behavior+ecephys+ogen.nwb	aind+ephys	v1.2.4	1cbdbee	7940dfd	v0.3.49	ba5b1ff3-753e-425c-baf0-e7cdd0c08093	525704851758	failed	2026-09-18T00:01:02.905941-04:00	2026-09-18T00:01:02.966794-04:00	2026-09-18T00:01:04.754218-04:00	0	2	369
job-26091081748c	000363	sub-480928/sub-480928_ses-20210128T133949_behavior+ecephys+ogen.nwb	aind+ephys	v1.2.4	1cbdbee	7940dfd	v0.3.49	ba5b1ff3-753e-425c-baf0-e7cdd0c08093	525704851758	failed	2026-09-16T14:07:44.574835-04:00	2026-09-16T14:07:45.323035-04:00	2026-09-16T14:07:46.396570-04:00	1	1	369
job-260624d5d118	000363	sub-484672/sub-484672_ses-20210319T144211_behavior+ecephys+ogen.nwb	aind+ephys	v1.2.4	1cbdbee	7940dfd	v0.3.43	4ec09778-4617-45f1-b012-8059518f069a	413760500719	failed	2026-09-18T00:01:06.618896-04:00	2026-09-18T00:01:07.269366-04:00	2026-09-18T00:01:08.156158-04:00	1	1	34
job-260724985129	000363	sub-484672/sub-484672_ses-20210319T144211_behavior+ecephys+ogen.nwb	aind+ephys	v1.2.4	1cbdbee	7940dfd	v0.3.49	4ec09778-4617-45f1-b012-8059518f069a	413760500719	failed	2026-09-18T00:01:08.854521-04:00	2026-09-18T00:01:08.824978-04:00	2026-09-18T00:01:09.738153-04:00	0	1	375
job-26091079d46b	000363	sub-484672/sub-484672_ses-20210319T144211_behavior+ecephys+ogen.nwb	aind+ephys	v1.2.2	1cbdbee	7940dfd	v0.3.28	4ec09778-4617-45f1-b012-8059518f069a	413760500719	failed	2026-09-16T14:07:47.039200-04:00	2026-09-16T14:07:47.130831-04:00	2026-09-16T14:07:49.335484-04:00	0	2	70
job-260910985129	000363	sub-484672/sub-484672_ses-20210319T144211_behavior+ecephys+ogen.nwb	aind+ephys	v1.2.4	1cbdbee	7940dfd	v0.3.49	4ec09778-4617-45f1-b012-8059518f069a	413760500719	failed	2026-09-16T14:07:50.456157-04:00	2026-09-16T14:07:50.432635-04:00	2026-09-16T14:07:51.904372-04:00	0	1	375
job-260910d5d118	000363	sub-484672/sub-484672_ses-20210319T144211_behavior+ecephys+ogen.nwb	aind+ephys	v1.2.4	1cbdbee	7940dfd	v0.3.43	4ec09778-4617-45f1-b012-8059518f069a	413760500719	failed	2026-09-16T14:07:52.637943-04:00	2026-09-16T14:07:53.103063-04:00	2026-09-16T14:07:54.700941-04:00	0	2	34
job-2607108501d5	000363	sub-484673/sub-484673_ses-20210430T132651_behavior+ecephys+ogen.nwb	aind+ephys	v1.2.4	1cbdbee	7940dfd	v0.3.49	f614382c-aeca-4b61-a163-30858860ebed	416151738153	failed	2026-09-18T00:01:14.953364-04:00	2026-09-18T00:01:15.011897-04:00	2026-09-18T00:01:16.439613-04:00	0	1	214
job-2609108501d5	000363	sub-484673/sub-484673_ses-20210430T132651_behavior+ecephys+ogen.nwb	aind+ephys	v1.2.4	1cbdbee	7940dfd	v0.3.49	f614382c-aeca-4b61-a163-30858860ebed	416151738153	failed	2026-09-16T14:07:55.442977-04:00	2026-09-16T14:07:55.541120-04:00	2026-09-16T14:07:57.634883-04:00	0	2	214
job-26061306493a	000363	sub-484673/sub-484673_ses-20210505T131153_behavior+ecephys+ogen.nwb	aind+ephys	v1.2.2	1cbdbee	7940dfd	v0.3.34	fc6e22f5-3424-4558-a781-9fc8838ac427	459652455256	failed	2026-09-18T00:01:18.625606-04:00	2026-09-18T00:01:18.807292-04:00	2026-09-18T00:01:19.072021-04:00	0	0	
job-2606219990c7	000363	sub-484673/sub-484673_ses-20210505T131153_behavior+ecephys+ogen.nwb	aind+ephys	v1.2.4	1cbdbee	7940dfd	v0.3.39	fc6e22f5-3424-4558-a781-9fc8838ac427	459652455256	failed	2026-09-18T00:01:19.793534-04:00	2026-09-18T00:01:19.922548-04:00	2026-09-18T00:01:20.844340-04:00	0	1	34
job-26091006493a	000363	sub-484673/sub-484673_ses-20210505T131153_behavior+ecephys+ogen.nwb	aind+ephys	v1.2.2	1cbdbee	7940dfd	v0.3.34	fc6e22f5-3424-4558-a781-9fc8838ac427	459652455256	failed	2026-09-16T14:07:58.911915-04:00	2026-09-16T14:07:58.833773-04:00	2026-09-16T14:07:58.921427-04:00	0	0	
job-2609109990c7	000363	sub-484673/sub-484673_ses-20210505T131153_behavior+ecephys+ogen.nwb	aind+ephys	v1.2.4	1cbdbee	7940dfd	v0.3.39	fc6e22f5-3424-4558-a781-9fc8838ac427	459652455256	failed	2026-09-16T14:08:00.295470-04:00	2026-09-16T14:08:01.171244-04:00	2026-09-16T14:08:02.673000-04:00	1	2	34
job-260910b642e8	000363	sub-484673/sub-484673_ses-20210505T131153_behavior+ecephys+ogen.nwb	aind+ephys	v1.2.2	1cbdbee	7940dfd	v0.3.28	fc6e22f5-3424-4558-a781-9fc8838ac427	459652455256	failed	2026-09-16T14:08:03.646462-04:00	2026-09-16T14:08:03.909853-04:00	2026-09-16T14:08:05.490159-04:00	0	2	68
job-260622ef564f	000363	sub-484673/sub-484673_ses-20210507T135524_behavior+ecephys+ogen.nwb	aind+ephys	v1.2.4	1cbdbee	7940dfd	v0.3.43	20d23c63-a94b-480a-8df6-2c3110fdd2bc	615883550758	failed	2026-09-18T00:01:25.507008-04:00	2026-09-18T00:01:25.741888-04:00	2026-09-18T00:01:26.709042-04:00	0	1	213
job-260714d6b95d	000363	sub-484673/sub-484673_ses-20210507T135524_behavior+ecephys+ogen.nwb	aind+ephys	v1.2.4	1cbdbee	7940dfd	v0.3.49	20d23c63-a94b-480a-8df6-2c3110fdd2bc	615883550758	failed	2026-09-18T00:01:27.427713-04:00	2026-09-18T00:01:27.395058-04:00	2026-09-18T00:01:28.631632-04:00	0	1	545
job-260910d6b95d	000363	sub-484673/sub-484673_ses-20210507T135524_behavior+ecephys+ogen.nwb	aind+ephys	v1.2.4	1cbdbee	7940dfd	v0.3.49	20d23c63-a94b-480a-8df6-2c3110fdd2bc	615883550758	failed	2026-09-16T14:08:06.690770-04:00	2026-09-16T14:08:06.681254-04:00	2026-09-16T14:08:08.296221-04:00	0	2	545
job-260910e28f39	000363	sub-484673/sub-484673_ses-20210507T135524_behavior+ecephys+ogen.nwb	aind+ephys	v1.2.2	1cbdbee	7940dfd	v0.3.28	20d23c63-a94b-480a-8df6-2c3110fdd2bc	615883550758	failed	2026-09-16T14:08:09.969894-04:00	2026-09-16T14:08:09.915804-04:00	2026-09-16T14:08:11.308383-04:00	0	1	70
job-260910ef564f	000363	sub-484673/sub-484673_ses-20210507T135524_behavior+ecephys+ogen.nwb	aind+ephys	v1.2.4	1cbdbee	7940dfd	v0.3.43	20d23c63-a94b-480a-8df6-2c3110fdd2bc	615883550758	failed	2026-09-16T14:08:12.519232-04:00	2026-09-16T14:08:12.508214-04:00	2026-09-16T14:08:14.714403-04:00	0	2	213
job-2606231b0491	000363	sub-484674/sub-484674_ses-20210504T155124_behavior+ecephys+ogen.nwb	aind+ephys	v1.2.4	1cbdbee	7940dfd	v0.3.43	c4d27635-994f-41dc-8707-56264ae1d119	422508809848	failed	2026-09-18T00:01:33.602905-04:00	2026-09-18T00:01:34.362526-04:00	2026-09-18T00:01:35.131026-04:00	1	1	189
job-2609101b0491	000363	sub-484674/sub-484674_ses-20210504T155124_behavior+ecephys+ogen.nwb	aind+ephys	v1.2.4	1cbdbee	7940dfd	v0.3.43	c4d27635-994f-41dc-8707-56264ae1d119	422508809848	failed	2026-09-16T14:08:15.987277-04:00	2026-09-16T14:08:15.980276-04:00	2026-09-16T14:08:17.205002-04:00	0	1	189
job-260611e1ef9d	000363	sub-484674/sub-484674_ses-20210505T170309_behavior+ecephys+ogen.nwb	aind+ephys	v1.2.2	1cbdbee	7940dfd	v0.3.34	d2cc2f5c-ecf8-4756-9591-5eb92b4cceba	458828161228	failed	2026-09-18T00:01:37.310900-04:00	2026-09-18T00:01:37.431429-04:00	2026-09-18T00:01:38.733821-04:00	0	1	34
job-260910e1ef9d	000363	sub-484674/sub-484674_ses-20210505T170309_behavior+ecephys+ogen.nwb	aind+ephys	v1.2.2	1cbdbee	7940dfd	v0.3.34	d2cc2f5c-ecf8-4756-9591-5eb92b4cceba	458828161228	failed	2026-09-16T14:08:17.983612-04:00	2026-09-16T14:08:18.982054-04:00	2026-09-16T14:08:20.108179-04:00	1	1	34
job-2606247b79b7	000363	sub-484674/sub-484674_ses-20210511T140555_behavior+ecephys+ogen.nwb	aind+ephys	v1.2.4	1cbdbee	7940dfd	v0.3.46	4a19ea1b-683a-4ffb-98e8-cb702cddee93	337295601478	failed	2026-09-18T00:01:40.788311-04:00	2026-09-18T00:01:41.675025-04:00	2026-09-18T00:01:42.519700-04:00	1	1	54
job-260625267172	000363	sub-484674/sub-484674_ses-20210511T140555_behavior+ecephys+ogen.nwb	aind+ephys	v1.2.4	1cbdbee	7940dfd	v0.3.46	4a19ea1b-683a-4ffb-98e8-cb702cddee93	337295601478	failed	2026-09-18T00:01:43.256572-04:00	2026-09-18T00:01:43.268290-04:00	2026-09-18T00:01:44.663196-04:00	0	1	153
job-260910267172	000363	sub-484674/sub-484674_ses-20210511T140555_behavior+ecephys+ogen.nwb	aind+ephys	v1.2.4	1cbdbee	7940dfd	v0.3.46	4a19ea1b-683a-4ffb-98e8-cb702cddee93	337295601478	failed	2026-09-16T14:08:20.915950-04:00	2026-09-16T14:08:20.926462-04:00	2026-09-16T14:08:23.066050-04:00	0	2	153
job-2609107b79b7	000363	sub-484674/sub-484674_ses-20210511T140555_behavior+ecephys+ogen.nwb	aind+ephys	v1.2.4	1cbdbee	7940dfd	v0.3.46	4a19ea1b-683a-4ffb-98e8-cb702cddee93	337295601478	failed	2026-09-16T14:08:24.322368-04:00	2026-09-16T14:08:24.264284-04:00	2026-09-16T14:08:26.083424-04:00	0	2	54
job-26062407c2e2	000363	sub-484675/sub-484675_ses-20210319T121514_behavior+ecephys+ogen.nwb	aind+ephys	v1.2.4	1cbdbee	7940dfd	v0.3.46	5bdcf470-8602-4dcc-9faf-3c632c1d1d02	382482830678	failed	2026-09-18T00:01:48.404996-04:00	2026-09-18T00:01:49.100825-04:00	2026-09-18T00:01:50.010751-04:00	1	1	94
job-26091007c2e2	000363	sub-484675/sub-484675_ses-20210319T121514_behavior+ecephys+ogen.nwb	aind+ephys	v1.2.4	1cbdbee	7940dfd	v0.3.46	5bdcf470-8602-4dcc-9faf-3c632c1d1d02	382482830678	failed	2026-09-16T14:08:27.266565-04:00	2026-09-16T14:08:27.245536-04:00	2026-09-16T14:08:28.484316-04:00	0	1	94
job-2606215fa195	000363	sub-484675/sub-484675_ses-20210324T182545_behavior+ecephys+ogen.nwb	aind+ephys	v1.2.4	1cbdbee	7940dfd	v0.3.39	44b4c10a-701f-4bda-b4ee-eda20a1ca4ee	257509941191	failed	2026-09-18T00:01:52.226588-04:00	2026-09-18T00:01:53.084857-04:00	2026-09-18T00:01:54.148193-04:00	1	1	34
job-2607095fa195	000363	sub-484675/sub-484675_ses-20210324T182545_behavior+ecephys+ogen.nwb	aind+ephys	v1.2.4	1cbdbee	7940dfd	v0.3.49	44b4c10a-701f-4bda-b4ee-eda20a1ca4ee	257509941191	failed	2026-09-18T00:01:55.094266-04:00	2026-09-18T00:01:55.115882-04:00	2026-09-18T00:01:56.572075-04:00	0	1	372
job-260910e883ef	000363	sub-484676/sub-484676_ses-20210415T121842_behavior+ecephys+ogen.nwb	aind+ephys	v1.2.2	1cbdbee	0d4bf36	v0.3.27	c63df6c0-19f3-45fe-b457-ccc62da5d091	369396190492	failed	2026-09-16T14:08:31.780146-04:00	2026-09-16T14:08:32.248821-04:00	2026-09-16T14:08:33.594823-04:00	0	1	64
job-260624f37506	000363	sub-484676/sub-484676_ses-20210419T130102_behavior+ecephys+ogen.nwb	aind+ephys	v1.2.4	1cbdbee	7940dfd	v0.3.46	ce9e678b-b92f-4cd8-90b1-f851fa697d74	507503058816	stalled	2026-09-18T00:02:00.230326-04:00	2026-09-18T00:02:00.244664-04:00		0		
job-260910f37506	000363	sub-484676/sub-484676_ses-20210419T130102_behavior+ecephys+ogen.nwb	aind+ephys	v1.2.4	1cbdbee	7940dfd	v0.3.46	ce9e678b-b92f-4cd8-90b1-f851fa697d74	507503058816	stalled	2026-09-16T14:08:34.603252-04:00	2026-09-16T14:08:34.613266-04:00		0		
job-26062332b182	000363	sub-484677/sub-484677_ses-20210413T150250_behavior+ecephys+ogen.nwb	aind+ephys	v1.2.4	1cbdbee	7940dfd	v0.3.43	d81ed176-f757-4b54-9b40-b9e2b8cf9e2c	580868725432	failed	2026-09-18T00:02:02.260074-04:00	2026-09-18T00:02:03.060439-04:00	2026-09-18T00:02:03.843916-04:00	1	1	84800
job-26091032b182	000363	sub-484677/sub-484677_ses-20210413T150250_behavior+ecephys+ogen.nwb	aind+ephys	v1.2.4	1cbdbee	7940dfd	v0.3.43	d81ed176-f757-4b54-9b40-b9e2b8cf9e2c	580868725432	failed	2026-09-16T14:08:35.689844-04:00	2026-09-16T14:08:36.819556-04:00	2026-09-16T14:08:38.124507-04:00	1	1	84800
job-2606245fc882	000363	sub-484677/sub-484677_ses-20210415T161621_behavior+ecephys+ogen.nwb	aind+ephys	v1.2.4	1cbdbee	7940dfd	v0.3.46	09067f67-228a-4b5a-8e83-254078d526f6	350717485342	failed	2026-09-18T00:02:06.116268-04:00	2026-09-18T00:02:06.220782-04:00	2026-09-18T00:02:07.530806-04:00	0	1	320
job-2609105fc882	000363	sub-484677/sub-484677_ses-20210415T161621_behavior+ecephys+ogen.nwb	aind+ephys	v1.2.4	1cbdbee	7940dfd	v0.3.46	09067f67-228a-4b5a-8e83-254078d526f6	350717485342	failed	2026-09-16T14:08:39.239830-04:00	2026-09-16T14:08:39.171733-04:00	2026-09-16T14:08:40.816659-04:00	0	2	320
job-260712b486b8	000363	sub-484677/sub-484677_ses-20210420T170516_behavior+ecephys+ogen.nwb	aind+ephys	v1.2.4	1cbdbee	7940dfd	v0.3.49	9ac31037-fe21-4622-9fc1-9b9e601b4325	546068886352	failed	2026-09-18T00:02:09.392906-04:00	2026-09-18T00:02:09.573451-04:00	2026-09-18T00:02:10.612441-04:00	0	1	324
job-260910b486b8	000363	sub-484677/sub-484677_ses-20210420T170516_behavior+ecephys+ogen.nwb	aind+ephys	v1.2.4	1cbdbee	7940dfd	v0.3.49	9ac31037-fe21-4622-9fc1-9b9e601b4325	546068886352	failed	2026-09-16T14:08:41.701074-04:00	2026-09-16T14:08:42.282451-04:00	2026-09-16T14:08:43.868249-04:00	1	2	324
job-260712ea5417	000397	sub-Pt02/sub-Pt02_ecephys.nwb	aind+ephys	v1.2.4	1cbdbee	7940dfd	v0.3.49	e8679ad5-884e-4e4c-b5c6-9ce9249c3b78	8777850186	failed	2026-09-18T00:02:12.564514-04:00	2026-09-18T00:02:12.780754-04:00	2026-09-18T00:02:13.653422-04:00	0	1	26701
job-260910bff85b	000397	sub-Pt02/sub-Pt02_ecephys.nwb	aind+ephys	v1.2.2	1cbdbee	7940dfd	v0.3.28	e8679ad5-884e-4e4c-b5c6-9ce9249c3b78	8777850186	failed	2026-09-16T14:08:44.838174-04:00	2026-09-16T14:08:44.808135-04:00	2026-09-16T14:08:46.230539-04:00	0	1	1223
job-260910ea5417	000397	sub-Pt02/sub-Pt02_ecephys.nwb	aind+ephys	v1.2.4	1cbdbee	7940dfd	v0.3.49	e8679ad5-884e-4e4c-b5c6-9ce9249c3b78	8777850186	failed	2026-09-16T14:08:47.337077-04:00	2026-09-16T14:08:47.377122-04:00	2026-09-16T14:08:48.585954-04:00	0	1	26701
job-260611eac7ed	000397	sub-Pt03/sub-Pt03_ecephys.nwb	aind+ephys	v1.2.2	1cbdbee	7940dfd	v0.3.34	a05ac4e6-030f-49b7-ac62-e1aa74e54dcb	6288055712	failed	2026-09-18T00:02:17.410574-04:00	2026-09-18T00:02:18.374435-04:00	2026-09-18T00:02:19.267711-04:00	1	1	34
job-2606251ae12e	000397	sub-Pt03/sub-Pt03_ecephys.nwb	aind+ephys	v1.2.4	1cbdbee	7940dfd	v0.3.46	a05ac4e6-030f-49b7-ac62-e1aa74e54dcb	6288055712	stalled	2026-09-18T00:02:19.996607-04:00	2026-09-18T00:02:20.010699-04:00		0		
job-2606251ae12e-2	000397	sub-Pt03/sub-Pt03_ecephys.nwb	aind+ephys	v1.2.4	1cbdbee	7940dfd	v0.3.46	a05ac4e6-030f-49b7-ac62-e1aa74e54dcb	6288055712	stalled	2026-09-18T00:02:21.673906-04:00	2026-09-18T00:02:21.695658-04:00		0		
job-2606251ae12e-3	000397	sub-Pt03/sub-Pt03_ecephys.nwb	aind+ephys	v1.2.4	1cbdbee	7940dfd	v0.3.46	a05ac4e6-030f-49b7-ac62-e1aa74e54dcb	6288055712	stalled	2026-09-18T00:02:22.505169-04:00	2026-09-18T00:02:22.601266-04:00		0		
job-2606251ae12e-4	000397	sub-Pt03/sub-Pt03_ecephys.nwb	aind+ephys	v1.2.4	1cbdbee	7940dfd	v0.3.46	a05ac4e6-030f-49b7-ac62-e1aa74e54dcb	6288055712	stalled	2026-09-18T00:02:23.740067-04:00	2026-09-18T00:02:24.024570-04:00		0		
job-260910eac7ed	000397	sub-Pt03/sub-Pt03_ecephys.nwb	aind+ephys	v1.2.2	1cbdbee	7940dfd	v0.3.34	a05ac4e6-030f-49b7-ac62-e1aa74e54dcb	6288055712	failed	2026-09-16T14:08:49.922862-04:00	2026-09-16T14:08:51.036980-04:00	2026-09-16T14:08:52.353861-04:00	1	1	34
job-2607229aeabf	000409	sub-CSH-ZAD-022/sub-CSH-ZAD-022_ses-b81e3e11-9a60-4114-b894-09f85074d9c3_desc-raw_ecephys.nwb	aind+ephys	v1.2.4	1cbdbee	7940dfd	v0.3.49	7bfd4d61-e62c-406b-b9b4-9f1a2227b3c6	73889481389	failed	2026-09-18T00:02:27.807939-04:00	2026-09-18T00:02:28.918153-04:00	2026-09-18T00:02:29.704353-04:00	1	1	32379
job-2609109aeabf	000409	sub-CSH-ZAD-022/sub-CSH-ZAD-022_ses-b81e3e11-9a60-4114-b894-09f85074d9c3_desc-raw_ecephys.nwb	aind+ephys	v1.2.4	1cbdbee	7940dfd	v0.3.49	7bfd4d61-e62c-406b-b9b4-9f1a2227b3c6	73889481389	failed	2026-09-16T14:08:55.347172-04:00	2026-09-16T14:08:55.786807-04:00	2026-09-16T14:08:57.344116-04:00	0	2	32379
job-260708fca64c	000409	sub-KS045/sub-KS045_ses-571d3ffe-54a5-473d-a265-5dc373eb7efc_desc-raw_ecephys.nwb	aind+ephys	v1.2.4	1cbdbee	7940dfd	v0.3.49	3bac7387-94de-470f-9f42-c33923b0a7ac	106573012732	failed	2026-09-18T00:02:32.020432-04:00	2026-09-18T00:02:32.174999-04:00	2026-09-18T00:02:33.469111-04:00	0	1	62745
job-260910fca64c	000409	sub-KS045/sub-KS045_ses-571d3ffe-54a5-473d-a265-5dc373eb7efc_desc-raw_ecephys.nwb	aind+ephys	v1.2.4	1cbdbee	7940dfd	v0.3.49	3bac7387-94de-470f-9f42-c33923b0a7ac	106573012732	failed	2026-09-16T14:08:58.396704-04:00	2026-09-16T14:08:58.437777-04:00	2026-09-16T14:09:00.414696-04:00	0	2	62745
job-2606215831f8	000409	sub-KS051/sub-KS051_ses-7082d8ff-255a-47d7-a839-bf093483ec30_desc-raw_ecephys.nwb	aind+ephys	v1.2.4	1cbdbee	7940dfd	v0.3.42	03889d5a-cb7b-4075-9e29-76998f7b4415	107193832396	failed	2026-09-18T00:02:35.505051-04:00	2026-09-18T00:02:35.523641-04:00	2026-09-18T00:02:36.443107-04:00	0	1	
job-2606225831f8	000409	sub-KS051/sub-KS051_ses-7082d8ff-255a-47d7-a839-bf093483ec30_desc-raw_ecephys.nwb	aind+ephys	v1.2.4	1cbdbee	7940dfd	v0.3.42	03889d5a-cb7b-4075-9e29-76998f7b4415	107193832396	failed	2026-09-18T00:02:37.321967-04:00	2026-09-18T00:02:37.327162-04:00	2026-09-18T00:02:38.212023-04:00	0	1	
job-2606245831f8	000409	sub-KS051/sub-KS051_ses-7082d8ff-255a-47d7-a839-bf093483ec30_desc-raw_ecephys.nwb	aind+ephys	v1.2.4	1cbdbee	7940dfd	v0.3.46	03889d5a-cb7b-4075-9e29-76998f7b4415	107193832396	failed	2026-09-18T00:02:39.097671-04:00	2026-09-18T00:02:39.082623-04:00	2026-09-18T00:02:40.119385-04:00	0	1	33552
job-2606245831f8-2	000409	sub-KS051/sub-KS051_ses-7082d8ff-255a-47d7-a839-bf093483ec30_desc-raw_ecephys.nwb	aind+ephys	v1.2.4	1cbdbee	7940dfd	v0.3.46	03889d5a-cb7b-4075-9e29-76998f7b4415	107193832396	failed	2026-09-18T00:02:40.950487-04:00	2026-09-18T00:02:41.008979-04:00	2026-09-18T00:02:42.742014-04:00	0	2	60309
job-2606255831f8	000409	sub-KS051/sub-KS051_ses-7082d8ff-255a-47d7-a839-bf093483ec30_desc-raw_ecephys.nwb	aind+ephys	v1.2.4	1cbdbee	7940dfd	v0.3.46	03889d5a-cb7b-4075-9e29-76998f7b4415	107193832396	stalled	2026-09-18T00:02:43.504904-04:00	2026-09-18T00:02:43.530910-04:00		0		
job-2606255831f8-2	000409	sub-KS051/sub-KS051_ses-7082d8ff-255a-47d7-a839-bf093483ec30_desc-raw_ecephys.nwb	aind+ephys	v1.2.4	1cbdbee	7940dfd	v0.3.46	03889d5a-cb7b-4075-9e29-76998f7b4415	107193832396	failed	2026-09-18T00:02:44.298195-04:00	2026-09-18T00:02:44.378285-04:00	2026-09-18T00:02:45.810238-04:00	0	1	28171
job-260925e2b82b	000409	sub-KS051/sub-KS051_ses-7082d8ff-255a-47d7-a839-bf093483ec30_desc-raw_ecephys.nwb	aind+ephys	1.3.3	4e89ec7	7940dfd	v0.9.5	03889d5a-cb7b-4075-9e29-76998f7b4415	107193832396	failed	2026-09-27T11:42:11.298568-04:00	2026-09-27T11:42:12.321689-04:00	2026-09-27T11:42:13.199880-04:00	1	1	4824
job-2609279e7902	000409	sub-KS051/sub-KS051_ses-7082d8ff-255a-47d7-a839-bf093483ec30_desc-raw_ecephys.nwb	lfp	v0.9.5	2f6768c		v0.9.5	03889d5a-cb7b-4075-9e29-76998f7b4415	107193832396	stalled	2026-09-27T12:33:19.138386-04:00	2026-09-27T12:33:19.106891-04:00		0		
job-26070871bcff	000409	sub-KS055/sub-KS055_ses-872ce8ff-9fb3-485c-be00-bc5479e0095b_desc-raw_ecephys.nwb	aind+ephys	v1.2.4	1cbdbee	7940dfd	v0.3.49	1521914e-c9be-4abe-b8e4-74342bb01efb	101308507489	failed	2026-09-18T00:02:50.228168-04:00	2026-09-18T00:02:50.410586-04:00	2026-09-18T00:02:51.866403-04:00	0	1	75261
job-26091071bcff	000409	sub-KS055/sub-KS055_ses-872ce8ff-9fb3-485c-be00-bc5479e0095b_desc-raw_ecephys.nwb	aind+ephys	v1.2.4	1cbdbee	7940dfd	v0.3.49	1521914e-c9be-4abe-b8e4-74342bb01efb	101308507489	failed	2026-09-16T14:09:07.183752-04:00	2026-09-16T14:09:07.315420-04:00	2026-09-16T14:09:09.363348-04:00	0	2	75261
job-260925dd7698	000409	sub-KS055/sub-KS055_ses-872ce8ff-9fb3-485c-be00-bc5479e0095b_desc-raw_ecephys.nwb	aind+ephys	1.3.3	4e89ec7	7940dfd	v0.9.3	1521914e-c9be-4abe-b8e4-74342bb01efb	101308507489	failed	2026-09-27T11:42:21.925774-04:00	2026-09-27T11:42:22.289540-04:00	2026-09-27T11:42:23.560811-04:00	0	1	7107
job-26070984f1e6	000409	sub-PL017/sub-PL017_ses-cea755db-4eee-4138-bdd6-fc23a572f5a1_desc-raw_ecephys.nwb	aind+ephys	v1.2.4	1cbdbee	7940dfd	v0.3.49	198fa6ce-680c-425b-b095-ab4e201f5a0f	65797088700	failed	2026-09-18T00:02:53.838090-04:00	2026-09-18T00:02:54.660443-04:00	2026-09-18T00:02:55.711883-04:00	1	1	913
job-26091084f1e6	000409	sub-PL017/sub-PL017_ses-cea755db-4eee-4138-bdd6-fc23a572f5a1_desc-raw_ecephys.nwb	aind+ephys	v1.2.4	1cbdbee	7940dfd	v0.3.49	198fa6ce-680c-425b-b095-ab4e201f5a0f	65797088700	failed	2026-09-16T14:09:10.654662-04:00	2026-09-16T14:09:10.643144-04:00	2026-09-16T14:09:11.818331-04:00	0	1	913
job-260925fbc646	000409	sub-PL017/sub-PL017_ses-cea755db-4eee-4138-bdd6-fc23a572f5a1_desc-raw_ecephys.nwb	lfp	v0.9.5	2f6768c		v0.9.5	198fa6ce-680c-425b-b095-ab4e201f5a0f	65797088700	stalled	2026-09-27T12:33:27.481276-04:00	2026-09-27T12:33:27.565444-04:00		0		
job-260621526813	000409	sub-SWC-038/sub-SWC-038_ses-4d8c7767-981c-4347-8e5e-5d5fffe38534_desc-raw_ecephys.nwb	aind+ephys	v1.2.4	1cbdbee	7940dfd	v0.3.39	adda8fdf-94cb-49bd-928c-2d1253c68556	142973964396	failed	2026-09-18T00:02:57.932448-04:00	2026-09-18T00:02:58.748553-04:00	2026-09-18T00:02:58.763040-04:00	1	0	
job-260622526813	000409	sub-SWC-038/sub-SWC-038_ses-4d8c7767-981c-4347-8e5e-5d5fffe38534_desc-raw_ecephys.nwb	aind+ephys	v1.2.4	1cbdbee	7940dfd	v0.3.42	adda8fdf-94cb-49bd-928c-2d1253c68556	142973964396	failed	2026-09-18T00:02:59.625841-04:00	2026-09-18T00:02:59.758708-04:00	2026-09-18T00:03:00.789649-04:00	0	1	
job-260623526813	000409	sub-SWC-038/sub-SWC-038_ses-4d8c7767-981c-4347-8e5e-5d5fffe38534_desc-raw_ecephys.nwb	aind+ephys	v1.2.4	1cbdbee	7940dfd	v0.3.43	adda8fdf-94cb-49bd-928c-2d1253c68556	142973964396	stalled	2026-09-18T00:03:02.057907-04:00	2026-09-18T00:03:02.017740-04:00		0		
job-260624526813	000409	sub-SWC-038/sub-SWC-038_ses-4d8c7767-981c-4347-8e5e-5d5fffe38534_desc-raw_ecephys.nwb	aind+ephys	v1.2.4	1cbdbee	7940dfd	v0.3.46	adda8fdf-94cb-49bd-928c-2d1253c68556	142973964396	stalled	2026-09-18T00:03:03.031878-04:00	2026-09-18T00:03:03.780839-04:00		1		
job-260624526813-2	000409	sub-SWC-038/sub-SWC-038_ses-4d8c7767-981c-4347-8e5e-5d5fffe38534_desc-raw_ecephys.nwb	aind+ephys	v1.2.4	1cbdbee	7940dfd	v0.3.46	adda8fdf-94cb-49bd-928c-2d1253c68556	142973964396	stalled	2026-09-18T00:03:04.696628-04:00	2026-09-18T00:03:04.690423-04:00		0		
job-260625526813	000409	sub-SWC-038/sub-SWC-038_ses-4d8c7767-981c-4347-8e5e-5d5fffe38534_desc-raw_ecephys.nwb	aind+ephys	v1.2.4	1cbdbee	7940dfd	v0.3.46	adda8fdf-94cb-49bd-928c-2d1253c68556	142973964396	stalled	2026-09-18T00:03:05.597601-04:00	2026-09-18T00:03:05.876474-04:00		0		
job-260625526813-2	000409	sub-SWC-038/sub-SWC-038_ses-4d8c7767-981c-4347-8e5e-5d5fffe38534_desc-raw_ecephys.nwb	aind+ephys	v1.2.4	1cbdbee	7940dfd	v0.3.46	adda8fdf-94cb-49bd-928c-2d1253c68556	142973964396	stalled	2026-09-18T00:03:07.395157-04:00	2026-09-18T00:03:07.411008-04:00		0		
job-260625526813-3	000409	sub-SWC-038/sub-SWC-038_ses-4d8c7767-981c-4347-8e5e-5d5fffe38534_desc-raw_ecephys.nwb	aind+ephys	v1.2.4	1cbdbee	7940dfd	v0.3.46	adda8fdf-94cb-49bd-928c-2d1253c68556	142973964396	stalled	2026-09-18T00:03:08.216111-04:00	2026-09-18T00:03:08.316643-04:00		0		
job-260927305c53	000409	sub-SWC-038/sub-SWC-038_ses-4d8c7767-981c-4347-8e5e-5d5fffe38534_desc-raw_ecephys.nwb	aind+ephys	1.3.3	4e89ec7	7940dfd	v0.9.5	adda8fdf-94cb-49bd-928c-2d1253c68556	142973964396	failed	2026-09-27T11:42:32.497411-04:00	2026-09-27T11:42:33.390083-04:00	2026-09-27T11:42:34.243123-04:00	1	1	314
job-260725422a12	000409	sub-ibl-witten-13/sub-ibl-witten-13_ses-ebe090af-5922-4fcd-8fc6-17b8ba7bad6d_desc-raw_ecephys.nwb	aind+ephys	v1.2.4	1cbdbee	7940dfd	v0.3.49	febad362-bebe-4df6-b041-c67d11066526	64604951538	failed	2026-09-18T00:03:12.710620-04:00	2026-09-18T00:03:13.138664-04:00	2026-09-18T00:03:14.131809-04:00	0	1	30972
job-260910422a12	000409	sub-ibl-witten-13/sub-ibl-witten-13_ses-ebe090af-5922-4fcd-8fc6-17b8ba7bad6d_desc-raw_ecephys.nwb	aind+ephys	v1.2.4	1cbdbee	7940dfd	v0.3.49	febad362-bebe-4df6-b041-c67d11066526	64604951538	failed	2026-09-16T14:09:18.269378-04:00	2026-09-16T14:09:19.045971-04:00	2026-09-16T14:09:20.180622-04:00	1	1	30972
job-260708930f07	000409	sub-ibl-witten-17/sub-ibl-witten-17_ses-d832d9f7-c96a-4f63-8921-516ba4a7b61f_desc-raw_ecephys.nwb	aind+ephys	v1.2.4	1cbdbee	7940dfd	v0.3.49	32c472eb-940c-43db-8170-1573e617a624	124106127083	stalled	2026-09-18T00:03:16.478461-04:00	2026-09-18T00:03:16.596654-04:00		0		
job-260910930f07	000409	sub-ibl-witten-17/sub-ibl-witten-17_ses-d832d9f7-c96a-4f63-8921-516ba4a7b61f_desc-raw_ecephys.nwb	aind+ephys	v1.2.4	1cbdbee	7940dfd	v0.3.49	32c472eb-940c-43db-8170-1573e617a624	124106127083	stalled	2026-09-16T14:09:21.185520-04:00	2026-09-16T14:09:21.196027-04:00		0		
job-2609108b3543	000411	sub-001/sub-001_ecephys.nwb	aind+ephys	v1.2.2	1cbdbee	7940dfd	v0.3.28	080677c9-0e9e-4085-afd6-e5e0379510b9	232080	failed	2026-09-18T00:03:18.357064-04:00	2026-09-18T00:03:19.270291-04:00	2026-09-18T00:03:20.153202-04:00	1	1	189
job-2609108b3543-2	000411	sub-001/sub-001_ecephys.nwb	aind+ephys	v1.2.2	1cbdbee	7940dfd	v0.3.28	080677c9-0e9e-4085-afd6-e5e0379510b9	232080	failed	2026-09-18T00:03:20.899031-04:00	2026-09-18T00:03:20.933963-04:00	2026-09-18T00:03:22.432122-04:00	0	1	279
job-2609108b3543-3	000411	sub-001/sub-001_ecephys.nwb	aind+ephys	v1.2.2	1cbdbee	7940dfd	v0.3.28	080677c9-0e9e-4085-afd6-e5e0379510b9	232080	failed	2026-09-18T00:03:23.182270-04:00	2026-09-18T00:03:23.277145-04:00	2026-09-18T00:03:24.150973-04:00	0	1	579
job-26092782b986	000411	sub-001/sub-001_ecephys.nwb	lfp	v0.9.5	2f6768c		v0.9.5	080677c9-0e9e-4085-afd6-e5e0379510b9	232080	stalled	2026-09-27T12:33:36.096524-04:00	2026-09-27T12:33:36.073017-04:00		0		
job-260721674797	000463	sub-BH395/sub-BH395_ses-20221213T174039_ecephys.nwb	aind+ephys	v1.2.4	1cbdbee	7940dfd	v0.3.49	0828f847-62e9-443f-8241-3960985ddab3	4467208992	failed	2026-09-18T00:03:27.275669-04:00	2026-09-18T00:03:27.714581-04:00	2026-09-18T00:03:28.877127-04:00	0	1	994
job-260910674797	000463	sub-BH395/sub-BH395_ses-20221213T174039_ecephys.nwb	aind+ephys	v1.2.4	1cbdbee	7940dfd	v0.3.49	0828f847-62e9-443f-8241-3960985ddab3	4467208992	failed	2026-09-16T14:09:26.014403-04:00	2026-09-16T14:09:26.502101-04:00	2026-09-16T14:09:27.887053-04:00	0	1	994
job-260711998b4f	000463	sub-BH395/sub-BH395_ses-20221213T180853_ecephys.nwb	aind+ephys	v1.2.4	1cbdbee	7940dfd	v0.3.49	b37ff19b-fe62-428d-8831-8619c00920ce	4484018976	failed	2026-09-18T00:03:30.881745-04:00	2026-09-18T00:03:31.665065-04:00	2026-09-18T00:03:32.551788-04:00	1	1	69
job-260713998b4f	000463	sub-BH395/sub-BH395_ses-20221213T180853_ecephys.nwb	aind+ephys	v1.2.4	1cbdbee	7940dfd	v0.3.49	b37ff19b-fe62-428d-8831-8619c00920ce	4484018976	failed	2026-09-18T00:03:33.281817-04:00	2026-09-18T00:03:33.317268-04:00	2026-09-18T00:03:35.039115-04:00	0	2	124
job-260714e188a5	000463	sub-BH396/sub-BH396_ses-20221117T215447_ecephys.nwb	aind+ephys	v1.2.4	1cbdbee	7940dfd	v0.3.49	f7c78a93-43f2-401b-9056-39ca564d4216	1081029408	failed	2026-09-18T00:03:36.964440-04:00	2026-09-18T00:03:37.821037-04:00	2026-09-18T00:03:38.668064-04:00	1	1	502
job-260910e188a5	000463	sub-BH396/sub-BH396_ses-20221117T215447_ecephys.nwb	aind+ephys	v1.2.4	1cbdbee	7940dfd	v0.3.49	f7c78a93-43f2-401b-9056-39ca564d4216	1081029408	failed	2026-09-16T14:09:30.964891-04:00	2026-09-16T14:09:31.407051-04:00	2026-09-16T14:09:32.912809-04:00	0	2	502
job-26071756e2fb	000463	sub-BH401/sub-BH401_ses-20230207T202916_ecephys.nwb	aind+ephys	v1.2.4	1cbdbee	7940dfd	v0.3.49	25808f24-1650-4e77-9226-ed14ea766032	2055713568	failed	2026-09-18T00:03:40.835201-04:00	2026-09-18T00:03:41.479845-04:00	2026-09-18T00:03:42.331719-04:00	1	1	189
job-26091056e2fb	000463	sub-BH401/sub-BH401_ses-20230207T202916_ecephys.nwb	aind+ephys	v1.2.4	1cbdbee	7940dfd	v0.3.49	25808f24-1650-4e77-9226-ed14ea766032	2055713568	failed	2026-09-16T14:09:33.948983-04:00	2026-09-16T14:09:33.912919-04:00	2026-09-16T14:09:35.819681-04:00	0	2	189
job-260910bf54b9	000463	sub-BH401/sub-BH401_ses-20230207T213946_ecephys.nwb	aind+ephys	v1.2.2	1cbdbee	7940dfd	v0.3.28	e39ea767-de6f-45d6-857c-a3c29de968cd	2045686560	failed	2026-09-16T14:09:36.818130-04:00	2026-09-16T14:09:36.839664-04:00	2026-09-16T14:09:38.408544-04:00	0	2	218
job-260715b440ea	000463	sub-BH401/sub-BH401_ses-20230207T221353_ecephys.nwb	aind+ephys	v1.2.4	1cbdbee	7940dfd	v0.3.49	264fb67c-1fe9-4553-94e0-db5f2833f66d	2168369952	failed	2026-09-18T00:03:45.923419-04:00	2026-09-18T00:03:46.837070-04:00	2026-09-18T00:03:47.645815-04:00	1	1	377
job-260910b440ea	000463	sub-BH401/sub-BH401_ses-20230207T221353_ecephys.nwb	aind+ephys	v1.2.4	1cbdbee	7940dfd	v0.3.49	264fb67c-1fe9-4553-94e0-db5f2833f66d	2168369952	failed	2026-09-16T14:09:39.447087-04:00	2026-09-16T14:09:39.392522-04:00	2026-09-16T14:09:40.821224-04:00	0	1	377
job-2607097eeb1f	000463	sub-BH401/sub-BH401_ses-20230208T012808_ecephys.nwb	aind+ephys	v1.2.4	1cbdbee	7940dfd	v0.3.49	026edd41-d5c4-4eb9-bce6-aec2b28d3adb	2058957600	failed	2026-09-18T00:03:50.009372-04:00	2026-09-18T00:03:50.339665-04:00	2026-09-18T00:03:51.323108-04:00	0	1	157
job-2609107eeb1f	000463	sub-BH401/sub-BH401_ses-20230208T012808_ecephys.nwb	aind+ephys	v1.2.4	1cbdbee	7940dfd	v0.3.49	026edd41-d5c4-4eb9-bce6-aec2b28d3adb	2058957600	failed	2026-09-16T14:09:41.844230-04:00	2026-09-16T14:09:41.878790-04:00	2026-09-16T14:09:44.320504-04:00	0	2	157
job-26072648134c	000463	sub-BH444/sub-BH444_ses-20230214T230505_ecephys.nwb	aind+ephys	v1.2.4	1cbdbee	7940dfd	v0.3.49	d6f30f97-30d5-4f81-8889-bea27bb6c10d	2030646048	failed	2026-09-18T00:03:53.712014-04:00	2026-09-18T00:03:54.818661-04:00	2026-09-18T00:03:55.881184-04:00	1	1	304
job-26091048134c	000463	sub-BH444/sub-BH444_ses-20230214T230505_ecephys.nwb	aind+ephys	v1.2.4	1cbdbee	7940dfd	v0.3.49	d6f30f97-30d5-4f81-8889-bea27bb6c10d	2030646048	failed	2026-09-16T14:09:45.630398-04:00	2026-09-16T14:09:45.590335-04:00	2026-09-16T14:09:47.019702-04:00	0	1	304
job-260722fb857e	000463	sub-BH444/sub-BH444_ses-20230215T002717_ecephys.nwb	aind+ephys	v1.2.4	1cbdbee	7940dfd	v0.3.49	db9e4a6f-db38-41b5-9579-c665f3f9c6e4	2029466400	failed	2026-09-18T00:03:58.175486-04:00	2026-09-18T00:03:58.504368-04:00	2026-09-18T00:03:59.374474-04:00	0	1	2314
job-260910fb857e	000463	sub-BH444/sub-BH444_ses-20230215T002717_ecephys.nwb	aind+ephys	v1.2.4	1cbdbee	7940dfd	v0.3.49	db9e4a6f-db38-41b5-9579-c665f3f9c6e4	2029466400	failed	2026-09-16T14:09:47.813343-04:00	2026-09-16T14:09:49.032047-04:00	2026-09-16T14:09:50.207211-04:00	1	1	2314
job-260910c0e83e	000546	sub-M322/sub-M322_ecephys.nwb	aind+ephys	v1.2.2	1cbdbee	7940dfd	v0.3.28	d8892123-2958-44a9-9866-b962f6b09f08	7785862944	failed	2026-09-16T14:09:51.322740-04:00	2026-09-16T14:09:51.344784-04:00	2026-09-16T14:09:52.972661-04:00	0	2	8450
job-260910d980c1	000546	sub-M322/sub-M322_ecephys.nwb	aind+ephys	v1.2.2	1cbdbee	0d4bf36	v0.3.25	d8892123-2958-44a9-9866-b962f6b09f08	7785862944	failed	2026-09-18T00:04:02.756379-04:00	2026-09-18T00:04:03.766631-04:00	2026-09-18T00:04:04.674992-04:00	1	1	8490
job-260910d980c1-2	000546	sub-M322/sub-M322_ecephys.nwb	aind+ephys	v1.2.2	1cbdbee	0d4bf36	v0.3.25	d8892123-2958-44a9-9866-b962f6b09f08	7785862944	failed	2026-09-18T00:04:05.492778-04:00	2026-09-18T00:04:05.507147-04:00	2026-09-18T00:04:07.208206-04:00	0	2	9185
job-2607176dd279	000552	sub-e13-26m1/sub-e13-26m1_ses-e13-26m1-211019-raw_ecephys.nwb	aind+ephys	v1.2.4	1cbdbee	7940dfd	v0.3.49	38e53e31-103c-4639-b611-4abc58675a29	147353047025	failed	2026-09-18T00:04:10.019161-04:00	2026-09-18T00:04:10.800013-04:00	2026-09-18T00:04:11.680093-04:00	1	1	2004
job-2609106dd279	000552	sub-e13-26m1/sub-e13-26m1_ses-e13-26m1-211019-raw_ecephys.nwb	aind+ephys	v1.2.4	1cbdbee	7940dfd	v0.3.49	38e53e31-103c-4639-b611-4abc58675a29	147353047025	failed	2026-09-16T14:09:56.141354-04:00	2026-09-16T14:09:56.624153-04:00	2026-09-16T14:09:58.145759-04:00	0	2	2004
job-260927b7537c	000552	sub-e13-26m1/sub-e13-26m1_ses-e13-26m1-211019-raw_ecephys.nwb	aind+ephys	1.3.3	4e89ec7	7940dfd	v0.9.5	38e53e31-103c-4639-b611-4abc58675a29	147353047025	failed	2026-09-27T11:42:42.962335-04:00	2026-09-27T11:42:43.308469-04:00	2026-09-27T11:42:44.759950-04:00	0	1	1228
job-260910d6ed61	000552	sub-e13-26m1/sub-e13-26m1_ses-e13-26m1-211116-raw_ecephys.nwb	aind+ephys	v1.2.2	1cbdbee	7940dfd	v0.3.28	aa8f3c01-718b-47f2-9efd-415745523d07	123466980268	failed	2026-09-16T14:09:59.118122-04:00	2026-09-16T14:09:59.152169-04:00	2026-09-16T14:10:00.779501-04:00	0	2	15615
job-2606223046b6	000552	sub-e15-13f1/sub-e15-13f1_ses-e15-13f1-220118-raw_ecephys.nwb	aind+ephys	v1.2.4	1cbdbee	7940dfd	v0.3.43	adb9eaa3-4ae1-42a7-92d3-b4e575484216	183608028765	failed	2026-09-18T00:04:15.453045-04:00	2026-09-18T00:04:15.878653-04:00	2026-09-18T00:04:16.889452-04:00	0	1	1808
job-2606223046b6-2	000552	sub-e15-13f1/sub-e15-13f1_ses-e15-13f1-220118-raw_ecephys.nwb	aind+ephys	v1.2.4	1cbdbee	7940dfd	v0.3.43	adb9eaa3-4ae1-42a7-92d3-b4e575484216	183608028765	failed	2026-09-18T00:04:17.881788-04:00	2026-09-18T00:04:17.857559-04:00	2026-09-18T00:04:18.922442-04:00	0	1	1213
job-2606233046b6	000552	sub-e15-13f1/sub-e15-13f1_ses-e15-13f1-220118-raw_ecephys.nwb	aind+ephys	v1.2.4	1cbdbee	7940dfd	v0.3.43	adb9eaa3-4ae1-42a7-92d3-b4e575484216	183608028765	failed	2026-09-18T00:04:19.509120-04:00	2026-09-18T00:04:19.645606-04:00	2026-09-18T00:04:21.150921-04:00	0	2	2488
job-2606233046b6-2	000552	sub-e15-13f1/sub-e15-13f1_ses-e15-13f1-220118-raw_ecephys.nwb	aind+ephys	v1.2.4	1cbdbee	7940dfd	v0.3.43	adb9eaa3-4ae1-42a7-92d3-b4e575484216	183608028765	failed	2026-09-18T00:04:22.068485-04:00	2026-09-18T00:04:22.088024-04:00	2026-09-18T00:04:23.360740-04:00	0	1	9543
job-2609106412be	000552	sub-e15-13f1/sub-e15-13f1_ses-e15-13f1-220118-raw_ecephys.nwb	aind+ephys	v1.2.2	1cbdbee	7940dfd	v0.3.28	adb9eaa3-4ae1-42a7-92d3-b4e575484216	183608028765	failed	2026-09-16T14:10:01.422889-04:00	2026-09-16T14:10:02.981049-04:00	2026-09-16T14:10:04.126682-04:00	2	1	2899
job-260924ebc0c4	000552	sub-e15-13f1/sub-e15-13f1_ses-e15-13f1-220118-raw_ecephys.nwb	aind+ephys	1.3.3	4e89ec7	7940dfd	v0.9.1	adb9eaa3-4ae1-42a7-92d3-b4e575484216	183608028765	failed	2026-09-24T21:25:33.563111-04:00	2026-09-24T21:25:34.530009-04:00	2026-09-24T21:25:35.261441-04:00	1	1	0
job-2609257fc77e	000552	sub-e15-13f1/sub-e15-13f1_ses-e15-13f1-220118-raw_ecephys.nwb	lfp	v0.9.5	2f6768c		v0.9.5	adb9eaa3-4ae1-42a7-92d3-b4e575484216	183608028765	stalled	2026-09-27T12:33:44.732397-04:00	2026-09-27T12:33:44.738184-04:00		0		
job-260925ebc0c4	000552	sub-e15-13f1/sub-e15-13f1_ses-e15-13f1-220118-raw_ecephys.nwb	aind+ephys	1.3.3	4e89ec7	7940dfd	v0.9.3	adb9eaa3-4ae1-42a7-92d3-b4e575484216	183608028765	failed	2026-09-27T11:42:53.521711-04:00	2026-09-27T11:42:53.865238-04:00	2026-09-27T11:42:55.140922-04:00	0	1	15953
job-26091055b54e	000552	sub-e15-13f1/sub-e15-13f1_ses-e15-13f1-220119-raw_ecephys.nwb	aind+ephys	v1.2.2	1cbdbee	0d4bf36	v0.3.27	038e862e-af4c-41e5-b854-df32655313a2	180414749521	failed	2026-09-16T14:10:10.010852-04:00	2026-09-16T14:10:10.566674-04:00	2026-09-16T14:10:11.943576-04:00	1	1	34
job-2609252bde0a	000552	sub-e15-13f1/sub-e15-13f1_ses-e15-13f1-220119-raw_ecephys.nwb	aind+ephys	1.3.3	4e89ec7	7940dfd	v0.9.3	038e862e-af4c-41e5-b854-df32655313a2	180414749521	failed	2026-09-27T11:43:03.886848-04:00	2026-09-27T11:43:04.915615-04:00	2026-09-27T11:43:05.685808-04:00	1	1	8435
job-26091060060f	000552	sub-e15-13f1/sub-e15-13f1_ses-e15-13f1-220120-raw_ecephys.nwb	aind+ephys	v1.2.2	1cbdbee	0d4bf36	v0.3.27	67d895f3-ade8-443c-8a45-1d0bad483f5f	166191418883	failed	2026-09-16T14:10:12.976070-04:00	2026-09-16T14:10:13.010639-04:00	2026-09-16T14:10:14.429132-04:00	0	1	244
job-26092551d0ac	000552	sub-e15-13f1/sub-e15-13f1_ses-e15-13f1-220120-raw_ecephys.nwb	aind+ephys	1.3.3	4e89ec7	7940dfd	v0.9.5	67d895f3-ade8-443c-8a45-1d0bad483f5f	166191418883	failed	2026-09-27T11:43:14.203827-04:00	2026-09-27T11:43:15.200000-04:00	2026-09-27T11:43:15.947573-04:00	1	1	6736
job-260711861f52	000552	sub-e16-3m1/sub-e16-3m1_ses-e16-3m1-210201-raw_ecephys.nwb	aind+ephys	v1.2.4	1cbdbee	7940dfd	v0.3.49	5b11119a-c514-4bb2-b151-f5fce12e35f8	54480321649	failed	2026-09-18T00:04:31.976449-04:00	2026-09-18T00:04:32.098493-04:00	2026-09-18T00:04:33.448976-04:00	0	1	6379
job-260910861f52	000552	sub-e16-3m1/sub-e16-3m1_ses-e16-3m1-210201-raw_ecephys.nwb	aind+ephys	v1.2.4	1cbdbee	7940dfd	v0.3.49	5b11119a-c514-4bb2-b151-f5fce12e35f8	54480321649	failed	2026-09-16T14:10:15.101088-04:00	2026-09-16T14:10:16.227174-04:00	2026-09-16T14:10:17.162899-04:00	1	1	6379
job-260910dca57a	000552	sub-e16-3m1/sub-e16-3m1_ses-e16-3m1-210203-raw_ecephys.nwb	aind+ephys	v1.2.2	1cbdbee	0d4bf36	v0.3.25	45e62320-455c-49ad-b75f-72fabd50fe31	61991667510	failed	2026-09-16T14:10:17.951859-04:00	2026-09-16T14:10:17.973882-04:00	2026-09-16T14:10:19.402473-04:00	0	1	789
job-260626234132	000552	sub-e16-3m2/sub-e16-3m2_ses-e16-3m2-211210-raw_ecephys.nwb	aind+ephys	v1.2.4	1cbdbee	7940dfd	v0.3.46	c3d41b23-2da7-4b72-a764-74aa45a9f7f2	179992553932	failed	2026-09-18T00:04:37.325649-04:00	2026-09-18T00:04:38.288366-04:00	2026-09-18T00:04:39.205539-04:00	1	1	17694
job-260910234132	000552	sub-e16-3m2/sub-e16-3m2_ses-e16-3m2-211210-raw_ecephys.nwb	aind+ephys	v1.2.4	1cbdbee	7940dfd	v0.3.46	c3d41b23-2da7-4b72-a764-74aa45a9f7f2	179992553932	failed	2026-09-16T14:10:20.168893-04:00	2026-09-16T14:10:20.144371-04:00	2026-09-16T14:10:21.000796-04:00	0	1	17694
job-260726067f0f	000552	sub-e16-3m2/sub-e16-3m2_ses-e16-3m2-211212-raw_ecephys.nwb	aind+ephys	v1.2.4	1cbdbee	7940dfd	v0.3.49	464d038f-aa58-40dd-ac6d-9dc745bc4456	138996655725	failed	2026-09-18T00:04:41.495237-04:00	2026-09-18T00:04:42.195750-04:00	2026-09-18T00:04:43.171311-04:00	1	1	6136
job-260910067f0f	000552	sub-e16-3m2/sub-e16-3m2_ses-e16-3m2-211212-raw_ecephys.nwb	aind+ephys	v1.2.4	1cbdbee	7940dfd	v0.3.49	464d038f-aa58-40dd-ac6d-9dc745bc4456	138996655725	failed	2026-09-16T14:10:21.707037-04:00	2026-09-16T14:10:22.116987-04:00	2026-09-16T14:10:23.399482-04:00	0	1	6136
job-260720f7e35c	000568	sub-fCamk5/sub-fCamk5_ses-fCamk5-210406-sess10_behavior+ecephys.nwb	aind+ephys	v1.2.4	1cbdbee	7940dfd	v0.3.49	68e630c5-10cc-4a33-b2bd-1ba281049e40	53185483358	failed	2026-09-18T00:04:45.490994-04:00	2026-09-18T00:04:45.642527-04:00	2026-09-18T00:04:47.024331-04:00	0	1	464
job-260722f7e35c	000568	sub-fCamk5/sub-fCamk5_ses-fCamk5-210406-sess10_behavior+ecephys.nwb	aind+ephys	v1.2.4	1cbdbee	7940dfd	v0.3.49	68e630c5-10cc-4a33-b2bd-1ba281049e40	53185483358	failed	2026-09-18T00:04:47.752673-04:00	2026-09-18T00:04:47.765316-04:00	2026-09-18T00:04:48.915557-04:00	0	1	30634
job-260724f7e35c	000568	sub-fCamk5/sub-fCamk5_ses-fCamk5-210406-sess10_behavior+ecephys.nwb	aind+ephys	v1.2.4	1cbdbee	7940dfd	v0.3.49	68e630c5-10cc-4a33-b2bd-1ba281049e40	53185483358	failed	2026-09-18T00:04:49.993476-04:00	2026-09-18T00:04:50.020949-04:00	2026-09-18T00:04:51.770883-04:00	0	2	4462
job-260910a8cda0	000568	sub-fCamk5/sub-fCamk5_ses-fCamk5-210406-sess10_behavior+ecephys.nwb	aind+ephys	v1.2.2	1cbdbee	7940dfd	v0.3.28	68e630c5-10cc-4a33-b2bd-1ba281049e40	53185483358	failed	2026-09-18T00:04:52.690763-04:00	2026-09-18T00:04:52.805548-04:00	2026-09-18T00:04:53.975104-04:00	0	1	3679
job-260910a8cda0-2	000568	sub-fCamk5/sub-fCamk5_ses-fCamk5-210406-sess10_behavior+ecephys.nwb	aind+ephys	v1.2.2	1cbdbee	7940dfd	v0.3.28	68e630c5-10cc-4a33-b2bd-1ba281049e40	53185483358	failed	2026-09-18T00:04:55.012651-04:00	2026-09-18T00:04:55.142167-04:00	2026-09-18T00:04:56.475739-04:00	0	1	618
job-260910a8cda0-3	000568	sub-fCamk5/sub-fCamk5_ses-fCamk5-210406-sess10_behavior+ecephys.nwb	aind+ephys	v1.2.2	1cbdbee	7940dfd	v0.3.28	68e630c5-10cc-4a33-b2bd-1ba281049e40	53185483358	failed	2026-09-18T00:04:57.640068-04:00	2026-09-18T00:04:57.577909-04:00	2026-09-18T00:04:58.996464-04:00	0	1	7423
job-260910a8cda0-4	000568	sub-fCamk5/sub-fCamk5_ses-fCamk5-210406-sess10_behavior+ecephys.nwb	aind+ephys	v1.2.2	1cbdbee	7940dfd	v0.3.28	68e630c5-10cc-4a33-b2bd-1ba281049e40	53185483358	failed	2026-09-18T00:04:59.648256-04:00	2026-09-18T00:04:59.822849-04:00	2026-09-18T00:05:00.976480-04:00	0	1	9868
job-26071253910c	000574	sub-01/sub-01_ses-03.nwb	aind+ephys	v1.2.4	1cbdbee	7940dfd	v0.3.49	72bf79ec-3864-4eff-a465-ee5352c0c100	1387653682	failed	2026-09-18T00:05:07.268434-04:00	2026-09-18T00:05:07.451898-04:00	2026-09-18T00:05:08.629814-04:00	0	1	314
job-26091053910c	000574	sub-01/sub-01_ses-03.nwb	aind+ephys	v1.2.4	1cbdbee	7940dfd	v0.3.49	72bf79ec-3864-4eff-a465-ee5352c0c100	1387653682	failed	2026-09-16T14:10:30.590557-04:00	2026-09-16T14:10:30.624586-04:00	2026-09-16T14:10:32.042326-04:00	0	1	314
job-260723a23287	000574	sub-03/sub-03_ses-02.nwb	aind+ephys	v1.2.4	1cbdbee	7940dfd	v0.3.49	86e4b0d6-a3da-4f41-9e2c-e8ce2e1ecca4	1537971747	failed	2026-09-18T00:05:10.857284-04:00	2026-09-18T00:05:11.929707-04:00	2026-09-18T00:05:12.834981-04:00	1	1	189
job-260910a23287	000574	sub-03/sub-03_ses-02.nwb	aind+ephys	v1.2.4	1cbdbee	7940dfd	v0.3.49	86e4b0d6-a3da-4f41-9e2c-e8ce2e1ecca4	1537971747	failed	2026-09-16T14:10:32.946120-04:00	2026-09-16T14:10:33.000665-04:00	2026-09-16T14:10:33.699232-04:00	0	1	189
job-2607098a11be	000574	sub-05/sub-05_ses-01.nwb	aind+ephys	v1.2.4	1cbdbee	7940dfd	v0.3.49	24e398b6-61b9-4d5e-a878-721d0830b5ee	1351192703	failed	2026-09-18T00:05:15.103072-04:00	2026-09-18T00:05:15.448152-04:00	2026-09-18T00:05:16.395752-04:00	0	1	434
job-2609108a11be	000574	sub-05/sub-05_ses-01.nwb	aind+ephys	v1.2.4	1cbdbee	7940dfd	v0.3.49	24e398b6-61b9-4d5e-a878-721d0830b5ee	1351192703	failed	2026-09-16T14:10:34.376786-04:00	2026-09-16T14:10:35.181949-04:00	2026-09-16T14:10:35.996113-04:00	1	1	434
job-260709cefde3	000574	sub-05/sub-05_ses-02.nwb	aind+ephys	v1.2.4	1cbdbee	7940dfd	v0.3.49	bc4899de-0980-4b8d-95c9-52ba0db70c0e	1370174740	failed	2026-09-18T00:05:18.805549-04:00	2026-09-18T00:05:18.855436-04:00	2026-09-18T00:05:20.679260-04:00	0	2	403
job-260910cefde3	000574	sub-05/sub-05_ses-02.nwb	aind+ephys	v1.2.4	1cbdbee	7940dfd	v0.3.49	bc4899de-0980-4b8d-95c9-52ba0db70c0e	1370174740	failed	2026-09-16T14:10:36.814810-04:00	2026-09-16T14:10:36.819817-04:00	2026-09-16T14:10:38.315025-04:00	0	1	403
job-260716e8071d	000574	sub-06/sub-06_ses-02.nwb	aind+ephys	v1.2.4	1cbdbee	7940dfd	v0.3.49	25568fef-967a-4c65-9577-707aba324e89	2558910770	failed	2026-09-18T00:05:22.949134-04:00	2026-09-18T00:05:23.994552-04:00	2026-09-18T00:05:24.881406-04:00	1	1	348
job-260910e8071d	000574	sub-06/sub-06_ses-02.nwb	aind+ephys	v1.2.4	1cbdbee	7940dfd	v0.3.49	25568fef-967a-4c65-9577-707aba324e89	2558910770	failed	2026-09-16T14:10:39.217325-04:00	2026-09-16T14:10:39.194812-04:00	2026-09-16T14:10:40.086973-04:00	0	1	348
job-260717d3034d	000574	sub-06/sub-06_ses-06.nwb	aind+ephys	v1.2.4	1cbdbee	7940dfd	v0.3.49	fcfdcacd-06ac-4f44-a44c-a1321ea5543e	2446038189	failed	2026-09-18T00:05:27.325784-04:00	2026-09-18T00:05:28.420042-04:00	2026-09-18T00:05:29.284101-04:00	1	1	189
job-260910d3034d	000574	sub-06/sub-06_ses-06.nwb	aind+ephys	v1.2.4	1cbdbee	7940dfd	v0.3.49	fcfdcacd-06ac-4f44-a44c-a1321ea5543e	2446038189	failed	2026-09-16T14:10:40.953327-04:00	2026-09-16T14:10:40.973841-04:00	2026-09-16T14:10:42.122304-04:00	0	1	189
job-2607094bac40	000574	sub-08/sub-08_ses-01.nwb	aind+ephys	v1.2.4	1cbdbee	7940dfd	v0.3.49	cbd16e1f-dff3-4bc1-9d6f-40c14db1a4cd	2434455619	failed	2026-09-18T00:05:31.575211-04:00	2026-09-18T00:05:32.616024-04:00	2026-09-18T00:05:33.502552-04:00	1	1	184
job-2609104bac40	000574	sub-08/sub-08_ses-01.nwb	aind+ephys	v1.2.4	1cbdbee	7940dfd	v0.3.49	cbd16e1f-dff3-4bc1-9d6f-40c14db1a4cd	2434455619	failed	2026-09-16T14:10:42.789827-04:00	2026-09-16T14:10:42.817340-04:00	2026-09-16T14:10:43.946744-04:00	0	1	184
job-26062553bf9e	000620	sub-Elgar/sub-Elgar_ses-2022-08-21_ecephys.nwb	aind+ephys	v1.2.4	1cbdbee	7940dfd	v0.3.46	92ee9673-e34f-4aa6-8309-a22aa5e61255	141776994877	failed	2026-09-18T00:05:35.806726-04:00	2026-09-18T00:05:36.158833-04:00	2026-09-18T00:05:37.128650-04:00	0	1	409
job-26091053bf9e	000620	sub-Elgar/sub-Elgar_ses-2022-08-21_ecephys.nwb	aind+ephys	v1.2.4	1cbdbee	7940dfd	v0.3.46	92ee9673-e34f-4aa6-8309-a22aa5e61255	141776994877	failed	2026-09-16T14:10:44.671824-04:00	2026-09-16T14:10:44.711354-04:00	2026-09-16T14:10:46.139494-04:00	0	1	409
job-260624cf4a2b	000620	sub-Elgar/sub-Elgar_ses-2022-09-04_ecephys.nwb	aind+ephys	v1.2.4	1cbdbee	7940dfd	v0.3.43	4c885da6-b37b-414d-a043-09f156277785	151174579246	failed	2026-09-18T00:05:39.598851-04:00	2026-09-18T00:05:39.675780-04:00	2026-09-18T00:05:41.403106-04:00	0	2	313
job-260910cf4a2b	000620	sub-Elgar/sub-Elgar_ses-2022-09-04_ecephys.nwb	aind+ephys	v1.2.4	1cbdbee	7940dfd	v0.3.43	4c885da6-b37b-414d-a043-09f156277785	151174579246	failed	2026-09-16T14:10:46.963125-04:00	2026-09-16T14:10:46.968127-04:00	2026-09-16T14:10:47.765750-04:00	0	1	313
job-2607139bfd2a	000620	sub-Elgar/sub-Elgar_ses-2022-09-07_ecephys.nwb	aind+ephys	v1.2.4	1cbdbee	7940dfd	v0.3.49	79aeaabe-6b6c-4116-9f5c-4c345c757d65	207709696524	stalled	2026-09-18T00:05:43.761385-04:00	2026-09-18T00:05:44.388074-04:00		1		
job-2609109bfd2a	000620	sub-Elgar/sub-Elgar_ses-2022-09-07_ecephys.nwb	aind+ephys	v1.2.4	1cbdbee	7940dfd	v0.3.49	79aeaabe-6b6c-4116-9f5c-4c345c757d65	207709696524	stalled	2026-09-16T14:10:48.493303-04:00	2026-09-16T14:10:49.769789-04:00		1		
job-260709ec110e	000620	sub-Elgar/sub-Elgar_ses-2022-09-09_ecephys.nwb	aind+ephys	v1.2.4	1cbdbee	7940dfd	v0.3.49	10de1718-c4af-41ca-b16f-f4ed2e60968b	125638103862	failed	2026-09-18T00:05:45.905393-04:00	2026-09-18T00:05:46.006537-04:00	2026-09-18T00:05:47.590829-04:00	0	2	45957
job-260910ec110e	000620	sub-Elgar/sub-Elgar_ses-2022-09-09_ecephys.nwb	aind+ephys	v1.2.4	1cbdbee	7940dfd	v0.3.49	10de1718-c4af-41ca-b16f-f4ed2e60968b	125638103862	failed	2026-09-16T14:10:50.638478-04:00	2026-09-16T14:10:50.599924-04:00	2026-09-16T14:10:51.686357-04:00	0	1	45957
job-260925372ccc	000620	sub-Elgar/sub-Elgar_ses-2022-09-09_ecephys.nwb	aind+ephys	1.3.3	4e89ec7	7940dfd	v0.9.5	10de1718-c4af-41ca-b16f-f4ed2e60968b	125638103862	failed	2026-09-27T11:43:24.497778-04:00	2026-09-27T11:43:24.898353-04:00	2026-09-27T11:43:26.257024-04:00	0	1	1449
job-260910284caa	000620	sub-Elgar/sub-Elgar_ses-2022-09-10_ecephys.nwb	aind+ephys	v1.2.2	1cbdbee	0d4bf36	v0.3.27	4aea70a3-3fb3-45fc-a9ff-8a55c0682267	91550083791	failed	2026-09-16T14:10:52.307290-04:00	2026-09-16T14:10:53.090364-04:00	2026-09-16T14:10:53.954265-04:00	1	1	104
job-26071499c926	000620	sub-Elgar/sub-Elgar_ses-2022-09-13_ecephys.nwb	aind+ephys	v1.2.4	1cbdbee	7940dfd	v0.3.49	28401a4e-732a-4ee2-ba46-ba17148145c5	29536081763	failed	2026-09-18T00:05:51.606960-04:00	2026-09-18T00:05:52.513622-04:00	2026-09-18T00:05:53.544903-04:00	1	1	16392
job-26091099c926	000620	sub-Elgar/sub-Elgar_ses-2022-09-13_ecephys.nwb	aind+ephys	v1.2.4	1cbdbee	7940dfd	v0.3.49	28401a4e-732a-4ee2-ba46-ba17148145c5	29536081763	failed	2026-09-16T14:10:55.017184-04:00	2026-09-16T14:10:54.957134-04:00	2026-09-16T14:10:56.959117-04:00	0	2	16392
job-26092692f47e	000620	sub-Elgar/sub-Elgar_ses-2022-09-13_ecephys.nwb	aind+ephys	1.3.3	4e89ec7	7940dfd	v0.9.5	28401a4e-732a-4ee2-ba46-ba17148145c5	29536081763	failed	2026-09-27T11:43:35.076980-04:00	2026-09-27T11:43:35.510713-04:00	2026-09-27T11:43:37.087996-04:00	0	2	7779
job-26071556b6cb	000620	sub-Elgar/sub-Elgar_ses-2022-09-14_ecephys.nwb	aind+ephys	v1.2.4	1cbdbee	7940dfd	v0.3.49	24999746-90d5-4c5c-ab52-b8b520c7b5e8	7796389648	stalled	2026-09-18T00:05:55.999906-04:00	2026-09-18T00:05:56.233735-04:00		0		
job-26091056b6cb	000620	sub-Elgar/sub-Elgar_ses-2022-09-14_ecephys.nwb	aind+ephys	v1.2.4	1cbdbee	7940dfd	v0.3.49	24999746-90d5-4c5c-ab52-b8b520c7b5e8	7796389648	stalled	2026-09-16T14:10:57.967414-04:00	2026-09-16T14:10:57.920877-04:00		0		
job-26072364cf09	000620	sub-Elgar/sub-Elgar_ses-2022-09-19_ecephys.nwb	aind+ephys	v1.2.4	1cbdbee	7940dfd	v0.3.49	9c6647d9-e16a-4cf3-9d18-5242c41ea56f	78274489095	failed	2026-09-18T00:05:58.047450-04:00	2026-09-18T00:05:58.477442-04:00	2026-09-18T00:05:59.488379-04:00	0	1	1774
job-26091064cf09	000620	sub-Elgar/sub-Elgar_ses-2022-09-19_ecephys.nwb	aind+ephys	v1.2.4	1cbdbee	7940dfd	v0.3.49	9c6647d9-e16a-4cf3-9d18-5242c41ea56f	78274489095	failed	2026-09-16T14:10:58.743017-04:00	2026-09-16T14:10:59.132320-04:00	2026-09-16T14:11:00.615063-04:00	0	1	1774
job-26091083fd0e	000620	sub-Perle/sub-Perle_ses-2022-05-26_ecephys.nwb	aind+ephys	v1.2.2	1cbdbee	7940dfd	v0.3.28	b26c0c44-02db-4719-abe4-59b906732ca9	82500222361	failed	2026-09-16T14:11:01.620470-04:00	2026-09-16T14:11:01.585939-04:00	2026-09-16T14:11:03.345027-04:00	0	2	130
job-2606216dc3f8	000620	sub-Perle/sub-Perle_ses-2022-05-27_ecephys.nwb	aind+ephys	v1.2.4	1cbdbee	7940dfd	v0.3.39	444d8580-a38a-4722-8d9c-aeb47e2dc2fd	98756207136	failed	2026-09-18T00:06:03.778792-04:00	2026-09-18T00:06:04.105771-04:00	2026-09-18T00:06:04.798728-04:00	0	1	
job-2606216dc3f8-2	000620	sub-Perle/sub-Perle_ses-2022-05-27_ecephys.nwb	aind+ephys	v1.2.4	1cbdbee	7940dfd	v0.3.39	444d8580-a38a-4722-8d9c-aeb47e2dc2fd	98756207136	failed	2026-09-18T00:06:05.619180-04:00	2026-09-18T00:06:05.654864-04:00	2026-09-18T00:06:07.324803-04:00	0	2	129
job-2606216dc3f8-3	000620	sub-Perle/sub-Perle_ses-2022-05-27_ecephys.nwb	aind+ephys	v1.2.4	1cbdbee	7940dfd	v0.3.39	444d8580-a38a-4722-8d9c-aeb47e2dc2fd	98756207136	failed	2026-09-18T00:06:08.321466-04:00	2026-09-18T00:06:08.271547-04:00	2026-09-18T00:06:09.271149-04:00	0	1	3449
job-2606226dc3f8	000620	sub-Perle/sub-Perle_ses-2022-05-27_ecephys.nwb	aind+ephys	v1.2.4	1cbdbee	7940dfd	v0.3.42	444d8580-a38a-4722-8d9c-aeb47e2dc2fd	98756207136	failed	2026-09-18T00:06:10.127016-04:00	2026-09-18T00:06:10.229668-04:00	2026-09-18T00:06:11.088995-04:00	0	1	
job-2606226dc3f8-2	000620	sub-Perle/sub-Perle_ses-2022-05-27_ecephys.nwb	aind+ephys	v1.2.4	1cbdbee	7940dfd	v0.3.43	444d8580-a38a-4722-8d9c-aeb47e2dc2fd	98756207136	failed	2026-09-18T00:06:11.976659-04:00	2026-09-18T00:06:12.044147-04:00	2026-09-18T00:06:13.853294-04:00	0	2	7686
job-2606265e9635	000620	sub-Perle/sub-Perle_ses-2022-05-28_ecephys.nwb	aind+ephys	v1.2.4	1cbdbee	7940dfd	v0.3.46	8b7d0168-fb16-4702-8e98-d4d67adb8167	116584848038	failed	2026-09-18T00:06:18.051126-04:00	2026-09-18T00:06:18.140804-04:00	2026-09-18T00:06:19.575861-04:00	0	1	3480
job-2609105e9635	000620	sub-Perle/sub-Perle_ses-2022-05-28_ecephys.nwb	aind+ephys	v1.2.4	1cbdbee	7940dfd	v0.3.46	8b7d0168-fb16-4702-8e98-d4d67adb8167	116584848038	failed	2026-09-16T14:11:07.918291-04:00	2026-09-16T14:11:07.923294-04:00	2026-09-16T14:11:09.421977-04:00	0	1	3480
job-260623b1d2c2	000620	sub-Perle/sub-Perle_ses-2022-05-29_ecephys.nwb	aind+ephys	v1.2.4	1cbdbee	7940dfd	v0.3.43	5db9ed63-7819-401e-92ba-a9517fe29961	119287163053	failed	2026-09-18T00:06:21.795651-04:00	2026-09-18T00:06:22.709151-04:00	2026-09-18T00:06:23.586421-04:00	1	1	397
job-260910b1d2c2	000620	sub-Perle/sub-Perle_ses-2022-05-29_ecephys.nwb	aind+ephys	v1.2.4	1cbdbee	7940dfd	v0.3.43	5db9ed63-7819-401e-92ba-a9517fe29961	119287163053	failed	2026-09-16T14:11:10.329716-04:00	2026-09-16T14:11:10.314203-04:00	2026-09-16T14:11:11.777378-04:00	0	1	397
job-260626381fc0	000620	sub-Perle/sub-Perle_ses-2022-06-01_ecephys.nwb	aind+ephys	v1.2.4	1cbdbee	7940dfd	v0.3.46	ba477a41-126c-4399-a4a7-fb714ec7bba4	131523389552	failed	2026-09-18T00:06:26.081201-04:00	2026-09-18T00:06:26.149625-04:00	2026-09-18T00:06:27.812923-04:00	0	2	1042
job-260910381fc0	000620	sub-Perle/sub-Perle_ses-2022-06-01_ecephys.nwb	aind+ephys	v1.2.4	1cbdbee	7940dfd	v0.3.46	ba477a41-126c-4399-a4a7-fb714ec7bba4	131523389552	failed	2026-09-16T14:11:12.679576-04:00	2026-09-16T14:11:12.723603-04:00	2026-09-16T14:11:13.505741-04:00	0	1	1042
job-26062692c5e5	000620	sub-Perle/sub-Perle_ses-2022-06-03_ecephys.nwb	aind+ephys	v1.2.4	1cbdbee	7940dfd	v0.3.46	5b826cb5-dc67-46c5-905c-6e0de81768a0	144526504628	failed	2026-09-18T00:06:30.107333-04:00	2026-09-18T00:06:31.224330-04:00	2026-09-18T00:06:32.138929-04:00	1	1	938
job-26091092c5e5	000620	sub-Perle/sub-Perle_ses-2022-06-03_ecephys.nwb	aind+ephys	v1.2.4	1cbdbee	7940dfd	v0.3.46	5b826cb5-dc67-46c5-905c-6e0de81768a0	144526504628	failed	2026-09-16T14:11:14.207406-04:00	2026-09-16T14:11:14.266481-04:00	2026-09-16T14:11:15.744022-04:00	0	1	938
job-2609100c8807	000620	sub-Perle/sub-Perle_ses-2022-06-05_ecephys.nwb	aind+ephys	v1.2.2	1cbdbee	7940dfd	v0.3.28	92d1f720-124e-4195-9055-0e3ae3e812a2	105824122356	failed	2026-09-16T14:11:16.531127-04:00	2026-09-16T14:11:16.536127-04:00	2026-09-16T14:11:17.674103-04:00	0	1	308
job-2607097f90fa	000620	sub-Perle/sub-Perle_ses-2022-06-07_ecephys.nwb	aind+ephys	v1.2.4	1cbdbee	7940dfd	v0.3.49	db542d25-ecb9-4a27-a784-548f38deffa4	96651697518	failed	2026-09-18T00:06:36.057436-04:00	2026-09-18T00:06:36.161353-04:00	2026-09-18T00:06:37.395992-04:00	0	1	31124
job-2609107f90fa	000620	sub-Perle/sub-Perle_ses-2022-06-07_ecephys.nwb	aind+ephys	v1.2.4	1cbdbee	7940dfd	v0.3.49	db542d25-ecb9-4a27-a784-548f38deffa4	96651697518	failed	2026-09-16T14:11:18.267109-04:00	2026-09-16T14:11:18.160516-04:00	2026-09-16T14:11:19.476474-04:00	0	1	31124
job-26092580a4cb	000620	sub-Perle/sub-Perle_ses-2022-06-07_ecephys.nwb	aind+ephys	1.3.3	4e89ec7	7940dfd	v0.9.3	db542d25-ecb9-4a27-a784-548f38deffa4	96651697518	failed	2026-09-27T11:43:45.518963-04:00	2026-09-27T11:43:46.199107-04:00	2026-09-27T11:43:47.160471-04:00	1	1	877
job-26091051d9a5	000620	sub-Perle/sub-Perle_ses-2022-06-19_ecephys.nwb	aind+ephys	v1.2.2	1cbdbee	7940dfd	v0.3.28	52990181-9255-4c94-859a-9639b17b9db8	176153268625	failed	2026-09-16T14:11:20.452772-04:00	2026-09-16T14:11:20.442265-04:00	2026-09-16T14:11:21.847452-04:00	0	1	128
job-260709a14cbe	000687	sub-swil105/sub-swil105_ses-20220415T160508_ecephys.nwb	aind+ephys	v1.2.4	1cbdbee	7940dfd	v0.3.49	faa0f17c-67e3-41f0-87c8-daddfecc4025	490618430433	failed	2026-09-18T00:06:41.339026-04:00	2026-09-18T00:06:42.290298-04:00	2026-09-18T00:06:43.280924-04:00	1	1	2723
job-260709a14cbe-2	000687	sub-swil105/sub-swil105_ses-20220415T160508_ecephys.nwb	aind+ephys	v1.2.4	1cbdbee	7940dfd	v0.3.49	faa0f17c-67e3-41f0-87c8-daddfecc4025	490618430433	failed	2026-09-18T00:06:44.124169-04:00	2026-09-18T00:06:44.085202-04:00	2026-09-18T00:06:45.535805-04:00	0	1	438
job-260726278f71	000687	sub-swil112/sub-swil112_ecephys.nwb	aind+ephys	v1.2.4	1cbdbee	7940dfd	v0.3.49	e44da25d-cf13-477c-9c41-4ee1ad74a64a	702390072021	failed	2026-09-18T00:06:47.629055-04:00	2026-09-18T00:06:48.402537-04:00	2026-09-18T00:06:49.461363-04:00	1	1	726
job-260910278f71	000687	sub-swil112/sub-swil112_ecephys.nwb	aind+ephys	v1.2.4	1cbdbee	7940dfd	v0.3.49	e44da25d-cf13-477c-9c41-4ee1ad74a64a	702390072021	failed	2026-09-16T14:11:24.021304-04:00	2026-09-16T14:11:24.219968-04:00	2026-09-16T14:11:25.303381-04:00	0	1	726
job-2607131f3460	000687	sub-swil12/sub-swil12_ses-20220602T183004_ecephys.nwb	aind+ephys	v1.2.4	1cbdbee	7940dfd	v0.3.49	55f4e54c-b61d-476c-a0eb-445ae0d793cb	416134082045	failed	2026-09-18T00:06:52.141830-04:00	2026-09-18T00:06:52.322260-04:00	2026-09-18T00:06:53.832652-04:00	0	2	378
job-2609101f3460	000687	sub-swil12/sub-swil12_ses-20220602T183004_ecephys.nwb	aind+ephys	v1.2.4	1cbdbee	7940dfd	v0.3.49	55f4e54c-b61d-476c-a0eb-445ae0d793cb	416134082045	failed	2026-09-16T14:11:26.011081-04:00	2026-09-16T14:11:26.031594-04:00	2026-09-16T14:11:27.703342-04:00	0	2	378
job-26071498fef2	000687	sub-swil18/sub-swil18_ses-20220908T163938_ecephys.nwb	aind+ephys	v1.2.4	1cbdbee	7940dfd	v0.3.49	6b933fdc-7db3-45d2-994f-29f8af0ebc4b	719108363685	failed	2026-09-18T00:06:56.130991-04:00	2026-09-18T00:06:57.278058-04:00	2026-09-18T00:06:58.380661-04:00	1	1	2065
job-26091098fef2	000687	sub-swil18/sub-swil18_ses-20220908T163938_ecephys.nwb	aind+ephys	v1.2.4	1cbdbee	7940dfd	v0.3.49	6b933fdc-7db3-45d2-994f-29f8af0ebc4b	719108363685	failed	2026-09-16T14:11:28.575102-04:00	2026-09-16T14:11:28.605123-04:00	2026-09-16T14:11:29.467319-04:00	0	1	2065
job-26072402c416	000687	sub-swil19/sub-swil19_ses-20220901T160502_ecephys.nwb	aind+ephys	v1.2.4	1cbdbee	7940dfd	v0.3.49	3f736eb1-2049-41a5-959e-be04c459a4ed	463570669864	failed	2026-09-18T00:07:00.987644-04:00	2026-09-18T00:07:02.415297-04:00	2026-09-18T00:07:03.337626-04:00	1	1	1984
job-26091002c416	000687	sub-swil19/sub-swil19_ses-20220901T160502_ecephys.nwb	aind+ephys	v1.2.4	1cbdbee	7940dfd	v0.3.49	3f736eb1-2049-41a5-959e-be04c459a4ed	463570669864	failed	2026-09-16T14:11:30.302018-04:00	2026-09-16T14:11:30.331538-04:00	2026-09-16T14:11:32.109962-04:00	0	2	1984
job-260709ce7f99	000687	sub-swil8/sub-swil8_ses-20210715T191215_ecephys.nwb	aind+ephys	v1.2.4	1cbdbee	7940dfd	v0.3.49	55046f9b-c80e-40e9-bff9-68a053180708	258608564327	failed	2026-09-18T00:07:05.931706-04:00	2026-09-18T00:07:06.206548-04:00	2026-09-18T00:07:07.568016-04:00	0	1	938
job-260910ce7f99	000687	sub-swil8/sub-swil8_ses-20210715T191215_ecephys.nwb	aind+ephys	v1.2.4	1cbdbee	7940dfd	v0.3.49	55046f9b-c80e-40e9-bff9-68a053180708	258608564327	failed	2026-09-16T14:11:33.012736-04:00	2026-09-16T14:11:32.995222-04:00	2026-09-16T14:11:34.062116-04:00	0	1	938
job-260709d0c1d4	000689	sub-H12/sub-H12_ses-12-2019-08-30-20-05-12-Disc4_ecephys.nwb	aind+ephys	v1.2.4	1cbdbee	7940dfd	v0.3.49	c4e3c2a6-06e1-42a5-8f77-4b5fe2c76644	17436571151	failed	2026-09-18T00:07:09.653271-04:00	2026-09-18T00:07:10.366154-04:00	2026-09-18T00:07:11.522321-04:00	1	1	884
job-260709d0c1d4-2	000689	sub-H12/sub-H12_ses-12-2019-08-30-20-05-12-Disc4_ecephys.nwb	aind+ephys	v1.2.4	1cbdbee	7940dfd	v0.3.49	c4e3c2a6-06e1-42a5-8f77-4b5fe2c76644	17436571151	failed	2026-09-18T00:07:12.426920-04:00	2026-09-18T00:07:12.435999-04:00	2026-09-18T00:07:14.762409-04:00	0	2	336
job-260709d0c1d4-3	000689	sub-H12/sub-H12_ses-12-2019-08-30-20-05-12-Disc4_ecephys.nwb	aind+ephys	v1.2.4	1cbdbee	7940dfd	v0.3.49	c4e3c2a6-06e1-42a5-8f77-4b5fe2c76644	17436571151	failed	2026-09-18T00:07:15.368140-04:00	2026-09-18T00:07:15.688069-04:00	2026-09-18T00:07:16.797692-04:00	0	1	183
job-260910518458	000689	sub-H12/sub-H12_ses-12-2019-08-30-20-05-12-Disc4_ecephys.nwb	aind+ephys	v1.2.2	1cbdbee	7940dfd	v0.3.28	c4e3c2a6-06e1-42a5-8f77-4b5fe2c76644	17436571151	failed	2026-09-16T14:11:34.545502-04:00	2026-09-16T14:11:35.422716-04:00	2026-09-16T14:11:36.198322-04:00	1	1	278
job-2607176c544d	000696	sub-TR11/sub-TR11_ecephys.nwb	aind+ephys	v1.2.4	1cbdbee	7940dfd	v0.3.49	2a43d93f-d7b5-43a9-8984-77163fcccdf9	699207211405	failed	2026-09-18T00:07:21.860792-04:00	2026-09-18T00:07:22.044678-04:00	2026-09-18T00:07:23.578210-04:00	0	2	364
job-2609106c544d	000696	sub-TR11/sub-TR11_ecephys.nwb	aind+ephys	v1.2.4	1cbdbee	7940dfd	v0.3.49	2a43d93f-d7b5-43a9-8984-77163fcccdf9	699207211405	failed	2026-09-16T14:11:39.576724-04:00	2026-09-16T14:11:40.389413-04:00	2026-09-16T14:11:41.211555-04:00	1	1	364
job-260925670912	000696	sub-TR11/sub-TR11_ecephys.nwb	lfp	v0.9.5	2f6768c		v0.9.5	2a43d93f-d7b5-43a9-8984-77163fcccdf9	699207211405	stalled	2026-09-27T12:33:53.313542-04:00	2026-09-27T12:33:53.319539-04:00		0		
job-260711cbd844	000696	sub-TR12-512ch/sub-TR12-512ch_ecephys.nwb	aind+ephys	v1.2.4	1cbdbee	7940dfd	v0.3.49	40b46abc-cadb-4201-9072-cae401d4cfe3	749222240484	failed	2026-09-18T00:07:25.839536-04:00	2026-09-18T00:07:26.138609-04:00	2026-09-18T00:07:27.470866-04:00	0	1	544
job-260910cbd844	000696	sub-TR12-512ch/sub-TR12-512ch_ecephys.nwb	aind+ephys	v1.2.4	1cbdbee	7940dfd	v0.3.49	40b46abc-cadb-4201-9072-cae401d4cfe3	749222240484	failed	2026-09-16T14:11:41.886579-04:00	2026-09-16T14:11:41.870568-04:00	2026-09-16T14:11:43.108567-04:00	0	1	544
job-26071624da58	000696	sub-TR13/sub-TR13_ecephys.nwb	aind+ephys	v1.2.4	1cbdbee	7940dfd	v0.3.49	d6a04562-4991-47c0-81cb-cd59ab7e88a8	894709842642	failed	2026-09-18T00:07:29.702451-04:00	2026-09-18T00:07:30.464822-04:00	2026-09-18T00:07:31.522534-04:00	1	1	604
job-26091024da58	000696	sub-TR13/sub-TR13_ecephys.nwb	aind+ephys	v1.2.4	1cbdbee	7940dfd	v0.3.49	d6a04562-4991-47c0-81cb-cd59ab7e88a8	894709842642	failed	2026-09-16T14:11:43.996281-04:00	2026-09-16T14:11:44.088358-04:00	2026-09-16T14:11:44.970074-04:00	0	1	604
job-260707821151	000696	sub-TR15-512ch/sub-TR15-512ch_ecephys.nwb	aind+ephys	v1.2.4	1cbdbee	7940dfd	v0.3.49	a7c6bf06-b3fc-4ac5-80d9-fd0b38f41fdc	868725509382	failed	2026-09-18T00:07:34.064877-04:00	2026-09-18T00:07:35.246075-04:00	2026-09-18T00:07:36.342639-04:00	1	1	647
job-260910821151	000696	sub-TR15-512ch/sub-TR15-512ch_ecephys.nwb	aind+ephys	v1.2.4	1cbdbee	7940dfd	v0.3.49	a7c6bf06-b3fc-4ac5-80d9-fd0b38f41fdc	868725509382	failed	2026-09-16T14:11:45.767219-04:00	2026-09-16T14:11:45.732198-04:00	2026-09-16T14:11:47.192018-04:00	0	1	647
job-260723cba2b1	000696	sub-TR17/sub-TR17_ecephys.nwb	aind+ephys	v1.2.4	1cbdbee	7940dfd	v0.3.49	a55e5453-8536-4332-927f-b79ee8168066	969329781669	failed	2026-09-18T00:07:38.746000-04:00	2026-09-18T00:07:39.978604-04:00	2026-09-18T00:07:41.077333-04:00	1	1	1984
job-260910cba2b1	000696	sub-TR17/sub-TR17_ecephys.nwb	aind+ephys	v1.2.4	1cbdbee	7940dfd	v0.3.49	a55e5453-8536-4332-927f-b79ee8168066	969329781669	failed	2026-09-16T14:11:47.952694-04:00	2026-09-16T14:11:47.977207-04:00	2026-09-16T14:11:48.905983-04:00	0	1	1984
job-260718b6b221	000696	sub-TR19/sub-TR19_ecephys.nwb	aind+ephys	v1.2.4	1cbdbee	7940dfd	v0.3.49	6bd9eef8-0c35-4d61-8712-1975e61e7d85	951878426952	failed	2026-09-18T00:07:43.563107-04:00	2026-09-18T00:07:43.738808-04:00	2026-09-18T00:07:45.298670-04:00	0	2	244
job-260910b6b221	000696	sub-TR19/sub-TR19_ecephys.nwb	aind+ephys	v1.2.4	1cbdbee	7940dfd	v0.3.49	6bd9eef8-0c35-4d61-8712-1975e61e7d85	951878426952	failed	2026-09-16T14:11:49.842927-04:00	2026-09-16T14:11:49.785357-04:00	2026-09-16T14:11:50.888229-04:00	0	1	244
job-2607241e5718	000696	sub-TR8/sub-TR8_ecephys.nwb	aind+ephys	v1.2.4	1cbdbee	7940dfd	v0.3.49	c33afa61-fe92-48aa-919b-dbddf151dd44	688718731273	failed	2026-09-18T00:07:47.561795-04:00	2026-09-18T00:07:47.766316-04:00	2026-09-18T00:07:49.486193-04:00	0	2	1600
job-2609101e5718	000696	sub-TR8/sub-TR8_ecephys.nwb	aind+ephys	v1.2.4	1cbdbee	7940dfd	v0.3.49	c33afa61-fe92-48aa-919b-dbddf151dd44	688718731273	failed	2026-09-16T14:11:51.619752-04:00	2026-09-16T14:11:52.150655-04:00	2026-09-16T14:11:53.065938-04:00	1	1	1600
job-260715e51fc6	000710	sub-VR32/sub-VR32_ecephys.nwb	aind+ephys	v1.2.4	1cbdbee	7940dfd	v0.3.49	7415a88a-8255-4468-a7e3-94c716b8d558	510590195863	failed	2026-09-18T00:07:51.919243-04:00	2026-09-18T00:07:52.303431-04:00	2026-09-18T00:07:53.630966-04:00	0	1	1820
job-260910e51fc6	000710	sub-VR32/sub-VR32_ecephys.nwb	aind+ephys	v1.2.4	1cbdbee	7940dfd	v0.3.49	7415a88a-8255-4468-a7e3-94c716b8d558	510590195863	failed	2026-09-16T14:11:53.942123-04:00	2026-09-16T14:11:53.970145-04:00	2026-09-16T14:11:55.321729-04:00	0	1	1820
job-260716a1a6e4	000710	sub-VR33/sub-VR33_ecephys.nwb	aind+ephys	v1.2.4	1cbdbee	7940dfd	v0.3.49	d72cb2b8-60d1-4fca-8cf3-ae23401edcbc	467655419047	failed	2026-09-18T00:07:55.977868-04:00	2026-09-18T00:07:57.075206-04:00	2026-09-18T00:07:58.135372-04:00	1	1	255
job-260910a1a6e4	000710	sub-VR33/sub-VR33_ecephys.nwb	aind+ephys	v1.2.4	1cbdbee	7940dfd	v0.3.49	d72cb2b8-60d1-4fca-8cf3-ae23401edcbc	467655419047	failed	2026-09-16T14:11:56.045274-04:00	2026-09-16T14:11:55.995241-04:00	2026-09-16T14:11:57.212765-04:00	0	1	255
job-260707c6a088	000710	sub-VR34/sub-VR34_ecephys.nwb	aind+ephys	v1.2.4	1cbdbee	7940dfd	v0.3.49	64389356-ed28-4b5c-bec7-d4215eaaa743	662405332994	failed	2026-09-18T00:08:00.772023-04:00	2026-09-18T00:08:01.931206-04:00	2026-09-18T00:08:03.052186-04:00	1	1	1998
job-260709c6a088	000710	sub-VR34/sub-VR34_ecephys.nwb	aind+ephys	v1.2.4	1cbdbee	7940dfd	v0.3.49	64389356-ed28-4b5c-bec7-d4215eaaa743	662405332994	failed	2026-09-18T00:08:03.968883-04:00	2026-09-18T00:08:03.960313-04:00	2026-09-18T00:08:05.461284-04:00	0	2	2549
job-260709586e6a	000710	sub-VR35/sub-VR35_ecephys.nwb	aind+ephys	v1.2.4	1cbdbee	7940dfd	v0.3.49	fcb75623-3784-49f6-a9d4-fe996bb7ea90	398179665597	failed	2026-09-18T00:08:07.868863-04:00	2026-09-18T00:08:08.297965-04:00	2026-09-18T00:08:10.069926-04:00	0	2	1687
job-260709586e6a-2	000710	sub-VR35/sub-VR35_ecephys.nwb	aind+ephys	v1.2.4	1cbdbee	7940dfd	v0.3.49	fcb75623-3784-49f6-a9d4-fe996bb7ea90	398179665597	failed	2026-09-18T00:08:11.255326-04:00	2026-09-18T00:08:11.205961-04:00	2026-09-18T00:08:12.929512-04:00	0	2	364
job-260709586e6a-3	000710	sub-VR35/sub-VR35_ecephys.nwb	aind+ephys	v1.2.4	1cbdbee	7940dfd	v0.3.49	fcb75623-3784-49f6-a9d4-fe996bb7ea90	398179665597	failed	2026-09-18T00:08:13.613324-04:00	2026-09-18T00:08:14.194099-04:00	2026-09-18T00:08:15.227455-04:00	1	1	428
job-26091062bc64	000717	sub-mock/sub-mock_ses-ecephys1.nwb	aind+ephys	v1.2.2	1cbdbee	7940dfd	v0.3.28	dc302863-52b3-4675-9b5e-cf5f8c7636a7	197784	failed	2026-09-18T00:08:18.640260-04:00	2026-09-18T00:08:18.701451-04:00	2026-09-18T00:08:20.938264-04:00	0	2	134
job-26091062bc64-2	000717	sub-mock/sub-mock_ses-ecephys1.nwb	aind+ephys	v1.2.2	1cbdbee	7940dfd	v0.3.28	dc302863-52b3-4675-9b5e-cf5f8c7636a7	197784	failed	2026-09-18T00:08:22.086716-04:00	2026-09-18T00:08:22.051020-04:00	2026-09-18T00:08:23.371966-04:00	0	1	188
job-26091062bc64-3	000717	sub-mock/sub-mock_ses-ecephys1.nwb	aind+ephys	v1.2.2	1cbdbee	7940dfd	v0.3.28	dc302863-52b3-4675-9b5e-cf5f8c7636a7	197784	failed	2026-09-18T00:08:24.171011-04:00	2026-09-18T00:08:24.239863-04:00	2026-09-18T00:08:25.776265-04:00	0	2	435
job-2607218b7bf1	000876	sub-M388/sub-M388_ecephys.nwb	aind+ephys	v1.2.4	1cbdbee	7940dfd	v0.3.49	c12ad4e5-8e90-4253-a82c-7cb11c27653e	18608927811	failed	2026-09-18T00:08:29.322737-04:00	2026-09-18T00:08:29.332059-04:00	2026-09-18T00:08:31.474952-04:00	0	2	9864
job-2607238b7bf1	000876	sub-M388/sub-M388_ecephys.nwb	aind+ephys	v1.2.4	1cbdbee	7940dfd	v0.3.49	c12ad4e5-8e90-4253-a82c-7cb11c27653e	18608927811	failed	2026-09-18T00:08:32.672637-04:00	2026-09-18T00:08:32.698917-04:00	2026-09-18T00:08:33.752048-04:00	0	1	9379
job-2609107c03dc	000876	sub-M388/sub-M388_ecephys.nwb	aind+ephys	v1.2.2	1cbdbee	7940dfd	v0.3.28	c12ad4e5-8e90-4253-a82c-7cb11c27653e	18608927811	failed	2026-09-18T00:08:34.638068-04:00	2026-09-18T00:08:35.549496-04:00	2026-09-18T00:08:36.710685-04:00	1	1	165
job-2609107c03dc-2	000876	sub-M388/sub-M388_ecephys.nwb	aind+ephys	v1.2.2	1cbdbee	7940dfd	v0.3.28	c12ad4e5-8e90-4253-a82c-7cb11c27653e	18608927811	failed	2026-09-18T00:08:37.760292-04:00	2026-09-18T00:08:37.789988-04:00	2026-09-18T00:08:39.198133-04:00	0	1	253
job-260910d26cb7	000876	sub-M388/sub-M388_ecephys.nwb	aind+ephys	v1.2.2	1cbdbee	0d4bf36	v0.3.27	c12ad4e5-8e90-4253-a82c-7cb11c27653e	18608927811	failed	2026-09-16T14:12:05.497210-04:00	2026-09-16T14:12:06.416960-04:00	2026-09-16T14:12:07.265679-04:00	1	1	103
job-260926c23ed6	000897	sub-amadeus/sub-amadeus_ses-08212019_ecephys.nwb	aind+ephys	1.3.3	4e89ec7	7940dfd	v0.9.5	8a3967f0-d89b-46d7-9870-a679748eef43	16232811627	failed	2026-09-27T11:43:56.023110-04:00	2026-09-27T11:43:56.427488-04:00	2026-09-27T11:43:57.707603-04:00	0	1	5522
job-2607267ca151	000897	sub-amadeus/sub-amadeus_ses-08292019_ecephys.nwb	aind+ephys	v1.2.4	1cbdbee	7940dfd	v0.3.49	d6a569fc-5ca8-451a-8443-071f6add7742	13940823323	failed	2026-09-18T00:08:45.029720-04:00	2026-09-18T00:08:46.248552-04:00	2026-09-18T00:08:47.335183-04:00	1	1	16157
job-2609107ca151	000897	sub-amadeus/sub-amadeus_ses-08292019_ecephys.nwb	aind+ephys	v1.2.4	1cbdbee	7940dfd	v0.3.49	d6a569fc-5ca8-451a-8443-071f6add7742	13940823323	failed	2026-09-16T14:12:11.524804-04:00	2026-09-16T14:12:12.676890-04:00	2026-09-16T14:12:13.859433-04:00	1	1	16157
job-2606121d9e18	000897	sub-amadeus/sub-amadeus_ses-09172019_ecephys.nwb	aind+ephys	v1.2.2	1cbdbee	7940dfd	v0.3.34	1d19e6a3-dd7a-497c-9235-cd441d7434c1	13488593491	failed	2026-09-18T00:08:49.933949-04:00	2026-09-18T00:08:50.760097-04:00	2026-09-18T00:08:51.931944-04:00	1	1	1105
job-2609101d9e18	000897	sub-amadeus/sub-amadeus_ses-09172019_ecephys.nwb	aind+ephys	v1.2.2	1cbdbee	7940dfd	v0.3.34	1d19e6a3-dd7a-497c-9235-cd441d7434c1	13488593491	failed	2026-09-16T14:12:15.136620-04:00	2026-09-16T14:12:15.123599-04:00	2026-09-16T14:12:17.701451-04:00	0	3	1105
job-260624408347	000897	sub-mahler/sub-mahler_ses-04122021_ecephys.nwb	aind+ephys	v1.2.4	1cbdbee	7940dfd	v0.3.43	c02a104c-c5ad-47d8-9668-043fe694d68b	36722779208	failed	2026-09-18T00:08:54.435706-04:00	2026-09-18T00:08:54.618515-04:00	2026-09-18T00:08:56.370217-04:00	0	2	1889
job-260910408347	000897	sub-mahler/sub-mahler_ses-04122021_ecephys.nwb	aind+ephys	v1.2.4	1cbdbee	7940dfd	v0.3.43	c02a104c-c5ad-47d8-9668-043fe694d68b	36722779208	failed	2026-09-16T14:12:18.920569-04:00	2026-09-16T14:12:18.907031-04:00	2026-09-16T14:12:20.152699-04:00	0	1	1889
job-2606210a8a37	000897	sub-mahler/sub-mahler_ses-04132021_ecephys.nwb	aind+ephys	v1.2.4	1cbdbee	7940dfd	v0.3.39	166dd388-a1e1-4289-a9dd-b3cd0de0a095	16268494585	failed	2026-09-18T00:08:58.885634-04:00	2026-09-18T00:08:59.868247-04:00	2026-09-18T00:09:00.040702-04:00	1	0	
job-2606210a8a37-2	000897	sub-mahler/sub-mahler_ses-04132021_ecephys.nwb	aind+ephys	v1.2.4	1cbdbee	7940dfd	v0.3.42	166dd388-a1e1-4289-a9dd-b3cd0de0a095	16268494585	failed	2026-09-18T00:09:01.322224-04:00	2026-09-18T00:09:01.788555-04:00	2026-09-18T00:09:02.785028-04:00	0	1	
job-2606220a8a37	000897	sub-mahler/sub-mahler_ses-04132021_ecephys.nwb	aind+ephys	v1.2.4	1cbdbee	7940dfd	v0.3.42	166dd388-a1e1-4289-a9dd-b3cd0de0a095	16268494585	failed	2026-09-18T00:09:04.106283-04:00	2026-09-18T00:09:04.096785-04:00	2026-09-18T00:09:04.995538-04:00	0	1	
job-2606230a8a37	000897	sub-mahler/sub-mahler_ses-04132021_ecephys.nwb	aind+ephys	v1.2.4	1cbdbee	7940dfd	v0.3.43	166dd388-a1e1-4289-a9dd-b3cd0de0a095	16268494585	failed	2026-09-18T00:09:06.262105-04:00	2026-09-18T00:09:06.228168-04:00	2026-09-18T00:09:07.561683-04:00	0	1	28439
job-26062397f76f	000897	sub-mahler/sub-mahler_ses-04142021_ecephys.nwb	aind+ephys	v1.2.4	1cbdbee	7940dfd	v0.3.43	9c60bd9b-bb4a-4355-9595-388769e7ee23	33496486594	failed	2026-09-18T00:09:11.122877-04:00	2026-09-18T00:09:11.206904-04:00	2026-09-18T00:09:13.592507-04:00	0	2	25053
job-26062397f76f-2	000897	sub-mahler/sub-mahler_ses-04142021_ecephys.nwb	aind+ephys	v1.2.4	1cbdbee	7940dfd	v0.3.43	9c60bd9b-bb4a-4355-9595-388769e7ee23	33496486594	failed	2026-09-18T00:09:14.692974-04:00	2026-09-18T00:09:14.716182-04:00	2026-09-18T00:09:15.909334-04:00	0	1	19824
job-26092562f043	000897	sub-mahler/sub-mahler_ses-04212021_ecephys.nwb	aind+ephys	1.3.3	4e89ec7	7940dfd	v0.9.5	03b5fa08-4dd1-49d6-8b38-539f4c6eea6e	24010780009	failed	2026-09-27T11:44:06.453832-04:00	2026-09-27T11:44:07.598898-04:00	2026-09-27T11:44:08.444493-04:00	1	1	1339
job-260707e124df	000897	sub-mahler/sub-mahler_ses-04222021_ecephys.nwb	aind+ephys	v1.2.4	1cbdbee	7940dfd	v0.3.49	afb332ac-85c7-438f-9411-1ede07ec7040	28915581345	stalled	2026-09-18T00:09:18.392278-04:00	2026-09-18T00:09:18.861474-04:00		0		
job-260910e124df	000897	sub-mahler/sub-mahler_ses-04222021_ecephys.nwb	aind+ephys	v1.2.4	1cbdbee	7940dfd	v0.3.49	afb332ac-85c7-438f-9411-1ede07ec7040	28915581345	stalled	2026-09-16T14:12:25.722384-04:00	2026-09-16T14:12:25.817003-04:00		0		
job-26071794082a	000897	sub-mahler/sub-mahler_ses-04252021_ecephys.nwb	aind+ephys	v1.2.4	1cbdbee	7940dfd	v0.3.49	77f22d46-6e1f-49f9-8283-ece7dd08cbd6	28545681416	failed	2026-09-18T00:09:20.683619-04:00	2026-09-18T00:09:20.865737-04:00	2026-09-18T00:09:22.534822-04:00	0	2	1793
job-26091094082a	000897	sub-mahler/sub-mahler_ses-04252021_ecephys.nwb	aind+ephys	v1.2.4	1cbdbee	7940dfd	v0.3.49	77f22d46-6e1f-49f9-8283-ece7dd08cbd6	28545681416	failed	2026-09-16T14:12:27.290878-04:00	2026-09-16T14:12:27.309901-04:00	2026-09-16T14:12:28.349938-04:00	0	1	1793
job-260622681cf8	000897	sub-mahler/sub-mahler_ses-05042021_ecephys.nwb	aind+ephys	v1.2.4	1cbdbee	7940dfd	v0.3.42	d9632bf3-02c5-4fdc-8710-cb8f0b6bc6c6	29455811898	failed	2026-09-18T00:09:24.770959-04:00	2026-09-18T00:09:25.067947-04:00	2026-09-18T00:09:25.419070-04:00	0	0	
job-26091014b9e5	000897	sub-mahler/sub-mahler_ses-05042021_ecephys.nwb	aind+ephys	v1.2.2	1cbdbee	0d4bf36	v0.3.27	d9632bf3-02c5-4fdc-8710-cb8f0b6bc6c6	29455811898	failed	2026-09-16T14:12:29.067062-04:00	2026-09-16T14:12:29.161670-04:00	2026-09-16T14:12:30.448993-04:00	0	1	1720
job-260910681cf8	000897	sub-mahler/sub-mahler_ses-05042021_ecephys.nwb	aind+ephys	v1.2.4	1cbdbee	7940dfd	v0.3.42	d9632bf3-02c5-4fdc-8710-cb8f0b6bc6c6	29455811898	failed	2026-09-16T14:12:31.191087-04:00	2026-09-16T14:12:31.173072-04:00	2026-09-16T14:12:31.350776-04:00	0	0	
job-260910b63c1a	000897	sub-mahler/sub-mahler_ses-05062021_ecephys.nwb	aind+ephys	v1.2.2	1cbdbee	7940dfd	v0.3.28	28e62128-4169-4962-a815-3b70f7aa5063	28496831405	failed	2026-09-16T14:12:32.478235-04:00	2026-09-16T14:12:32.472734-04:00	2026-09-16T14:12:33.343974-04:00	0	1	3082
job-260910e51fc9	000897	sub-mahler/sub-mahler_ses-05072021_ecephys.nwb	aind+ephys	v1.2.2	1cbdbee	7940dfd	v0.3.28	94a63328-a946-4099-9dbe-33c6a86e3d03	31625700087	failed	2026-09-16T14:12:34.199811-04:00	2026-09-16T14:12:34.205811-04:00	2026-09-16T14:12:35.854755-04:00	0	2	2049
job-26092565449a	000932	sub-Rat4/sub-Rat4_ses-20221031T131619_ecephys.nwb	lfp	v0.9.5	2f6768c		v0.9.5	2bbcebb6-486c-4656-a96f-546afedd00c9	2744149253	stalled	2026-09-27T12:34:02.255938-04:00	2026-09-27T12:34:02.296472-04:00		0		
job-2606242eefad	000939	sub-A1808/sub-A1808_ses-190807_behavior+ecephys+ogen.nwb	aind+ephys	v1.2.4	1cbdbee	7940dfd	v0.3.43	ae0a66f8-ccab-4fa9-a21d-077a89080a7d	21038908418	failed	2026-09-18T00:09:32.756313-04:00	2026-09-18T00:09:32.840726-04:00	2026-09-18T00:09:34.798485-04:00	0	2	15818
job-2609102eefad	000939	sub-A1808/sub-A1808_ses-190807_behavior+ecephys+ogen.nwb	aind+ephys	v1.2.4	1cbdbee	7940dfd	v0.3.43	ae0a66f8-ccab-4fa9-a21d-077a89080a7d	21038908418	failed	2026-09-16T14:12:36.811589-04:00	2026-09-16T14:12:36.844633-04:00	2026-09-16T14:12:38.044619-04:00	0	1	15818
job-260726be3593	000939	sub-A1813/sub-A1813_ses-190408_behavior+ecephys+ogen.nwb	aind+ephys	v1.2.4	1cbdbee	7940dfd	v0.3.49	f395168c-11e6-4cb8-b775-5fd28b03c2a2	24185684139	failed	2026-09-18T00:09:37.192022-04:00	2026-09-18T00:09:37.477230-04:00	2026-09-18T00:09:38.650742-04:00	0	1	14188
job-260910be3593	000939	sub-A1813/sub-A1813_ses-190408_behavior+ecephys+ogen.nwb	aind+ephys	v1.2.4	1cbdbee	7940dfd	v0.3.49	f395168c-11e6-4cb8-b775-5fd28b03c2a2	24185684139	failed	2026-09-16T14:12:38.577039-04:00	2026-09-16T14:12:38.583046-04:00	2026-09-16T14:12:39.788146-04:00	0	1	14188
job-260621e42ac9	000939	sub-A1821/sub-A1821_ses-190910_behavior+ecephys+ogen.nwb	aind+ephys	v1.2.4	1cbdbee	7940dfd	v0.3.39	2c839593-d391-4018-9939-9e973e35d02b	23556741136	failed	2026-09-18T00:09:41.334779-04:00	2026-09-18T00:09:41.533630-04:00	2026-09-18T00:09:42.281766-04:00	0	1	
job-260621e42ac9-2	000939	sub-A1821/sub-A1821_ses-190910_behavior+ecephys+ogen.nwb	aind+ephys	v1.2.4	1cbdbee	7940dfd	v0.3.42	2c839593-d391-4018-9939-9e973e35d02b	23556741136	failed	2026-09-18T00:09:43.554136-04:00	2026-09-18T00:09:43.573797-04:00	2026-09-18T00:09:44.597855-04:00	0	1	
job-260623e42ac9	000939	sub-A1821/sub-A1821_ses-190910_behavior+ecephys+ogen.nwb	aind+ephys	v1.2.4	1cbdbee	7940dfd	v0.3.43	2c839593-d391-4018-9939-9e973e35d02b	23556741136	failed	2026-09-18T00:09:45.751788-04:00	2026-09-18T00:09:45.733209-04:00	2026-09-18T00:09:47.227995-04:00	0	1	7938
job-2606124d123d	000939	sub-A1824/sub-A1824_ses-190827_behavior+ecephys+ogen.nwb	aind+ephys	v1.2.2	1cbdbee	7940dfd	v0.3.34	dd5d5b5a-849d-4ac3-9d25-687128063e82	18570596064	failed	2026-09-18T00:09:50.239203-04:00	2026-09-18T00:09:51.592989-04:00	2026-09-18T00:09:52.860616-04:00	1	1	3401
job-2606134d123d	000939	sub-A1824/sub-A1824_ses-190827_behavior+ecephys+ogen.nwb	aind+ephys	v1.2.2	1cbdbee	7940dfd	v0.3.34	dd5d5b5a-849d-4ac3-9d25-687128063e82	18570596064	failed	2026-09-18T00:09:53.925344-04:00	2026-09-18T00:09:54.186374-04:00	2026-09-18T00:09:55.915856-04:00	0	2	5029
job-2606134d123d-2	000939	sub-A1824/sub-A1824_ses-190827_behavior+ecephys+ogen.nwb	aind+ephys	v1.2.2	1cbdbee	7940dfd	v0.3.34	dd5d5b5a-849d-4ac3-9d25-687128063e82	18570596064	failed	2026-09-18T00:09:57.127002-04:00	2026-09-18T00:09:57.144452-04:00	2026-09-18T00:09:57.211408-04:00	0	0	
job-26062224a6f9	000939	sub-A3701/sub-A3701_ses-191119_behavior+ecephys.nwb	aind+ephys	v1.2.4	1cbdbee	7940dfd	v0.3.42	fc9e39de-f3f2-4398-bb9f-269bf9b9aeae	30194668712	failed	2026-09-18T00:10:00.827464-04:00	2026-09-18T00:10:03.599977-04:00	2026-09-18T00:10:03.582107-04:00	3	0	
job-26062224a6f9-2	000939	sub-A3701/sub-A3701_ses-191119_behavior+ecephys.nwb	aind+ephys	v1.2.4	1cbdbee	7940dfd	v0.3.43	fc9e39de-f3f2-4398-bb9f-269bf9b9aeae	30194668712	failed	2026-09-18T00:10:04.634908-04:00	2026-09-18T00:10:04.722383-04:00	2026-09-18T00:10:06.957875-04:00	0	2	188
job-26062424a6f9	000939	sub-A3701/sub-A3701_ses-191119_behavior+ecephys.nwb	aind+ephys	v1.2.4	1cbdbee	7940dfd	v0.3.43	fc9e39de-f3f2-4398-bb9f-269bf9b9aeae	30194668712	failed	2026-09-18T00:10:08.119967-04:00	2026-09-18T00:10:08.127715-04:00	2026-09-18T00:10:09.539712-04:00	0	1	69
job-26062424a6f9-2	000939	sub-A3701/sub-A3701_ses-191119_behavior+ecephys.nwb	aind+ephys	v1.2.4	1cbdbee	7940dfd	v0.3.46	fc9e39de-f3f2-4398-bb9f-269bf9b9aeae	30194668712	failed	2026-09-18T00:10:10.089665-04:00	2026-09-18T00:10:10.367811-04:00	2026-09-18T00:10:11.901485-04:00	0	2	184
job-260727559ae7	000939	sub-A3705/sub-A3705_ses-200306_behavior+ecephys.nwb	aind+ephys	v1.2.4	1cbdbee	7940dfd	v0.3.49	bfe02241-e0b2-451c-9112-de39d043b0df	23485226900	failed	2026-09-18T00:10:15.642048-04:00	2026-09-18T00:10:16.444639-04:00	2026-09-18T00:10:17.470183-04:00	1	1	13405
job-260910559ae7	000939	sub-A3705/sub-A3705_ses-200306_behavior+ecephys.nwb	aind+ephys	v1.2.4	1cbdbee	7940dfd	v0.3.49	bfe02241-e0b2-451c-9112-de39d043b0df	23485226900	failed	2026-09-16T14:12:48.788469-04:00	2026-09-16T14:12:48.808983-04:00	2026-09-16T14:12:50.451514-04:00	0	2	13405
job-260622726475	000939	sub-A3706/sub-A3706_ses-200313_behavior+ecephys.nwb	aind+ephys	v1.2.4	1cbdbee	7940dfd	v0.3.43	bbfbaaa8-17fb-4473-a589-31c13cb6a143	22601114824	failed	2026-09-18T00:10:20.061187-04:00	2026-09-18T00:10:20.254446-04:00	2026-09-18T00:10:22.086254-04:00	0	2	189
job-260624726475	000939	sub-A3706/sub-A3706_ses-200313_behavior+ecephys.nwb	aind+ephys	v1.2.4	1cbdbee	7940dfd	v0.3.46	bbfbaaa8-17fb-4473-a589-31c13cb6a143	22601114824	failed	2026-09-18T00:10:23.248155-04:00	2026-09-18T00:10:23.209590-04:00	2026-09-18T00:10:24.418698-04:00	0	1	34
job-2609251ee8cf	000939	sub-A3706/sub-A3706_ses-200313_behavior+ecephys.nwb	aind+ephys	1.3.3	4e89ec7	7940dfd	v0.9.5	bbfbaaa8-17fb-4473-a589-31c13cb6a143	22601114824	failed	2026-09-27T11:44:17.252983-04:00	2026-09-27T11:44:17.854257-04:00	2026-09-27T11:44:19.013413-04:00	1	1	124
job-2607288e09b6	000939	sub-A3712/sub-A3712_ses-200903a_behavior+ecephys.nwb	aind+ephys	v1.2.4	4e89ec7	7940dfd	v0.3.50	b6c8dac0-cf7d-46fb-b243-0a2652729f53	23205619741	failed	2026-09-18T00:10:26.996554-04:00	2026-09-18T00:10:28.126691-04:00	2026-09-18T00:10:29.083964-04:00	1	1	4387
job-2609108e09b6	000939	sub-A3712/sub-A3712_ses-200903a_behavior+ecephys.nwb	aind+ephys	v1.2.4	4e89ec7	7940dfd	v0.3.50	b6c8dac0-cf7d-46fb-b243-0a2652729f53	23205619741	failed	2026-09-16T14:12:53.059343-04:00	2026-09-16T14:12:53.596984-04:00	2026-09-16T14:12:55.192623-04:00	1	2	4387
job-260626fc8508	000939	sub-A3717/sub-A3717_ses-201021_behavior+ecephys.nwb	aind+ephys	v1.2.4	1cbdbee	7940dfd	v0.3.46	47140e5d-9a0f-4223-9f3c-918a8f642740	24680945085	failed	2026-09-18T00:10:31.497696-04:00	2026-09-18T00:10:32.336217-04:00	2026-09-18T00:10:33.279609-04:00	1	1	33011
job-260910fc8508	000939	sub-A3717/sub-A3717_ses-201021_behavior+ecephys.nwb	aind+ephys	v1.2.4	1cbdbee	7940dfd	v0.3.46	47140e5d-9a0f-4223-9f3c-918a8f642740	24680945085	failed	2026-09-16T14:12:56.364835-04:00	2026-09-16T14:12:56.304729-04:00	2026-09-16T14:12:57.764630-04:00	0	1	33011
job-2607091cbcac	000939	sub-A3723/sub-A3723_ses-201115_behavior+ecephys.nwb	aind+ephys	v1.2.4	1cbdbee	7940dfd	v0.3.49	80faa9bb-ed17-4553-9575-4d308f7d191f	24848618260	failed	2026-09-18T00:10:35.769699-04:00	2026-09-18T00:10:36.411849-04:00	2026-09-18T00:10:37.395589-04:00	1	1	17294
job-2609101cbcac	000939	sub-A3723/sub-A3723_ses-201115_behavior+ecephys.nwb	aind+ephys	v1.2.4	1cbdbee	7940dfd	v0.3.49	80faa9bb-ed17-4553-9575-4d308f7d191f	24848618260	failed	2026-09-16T14:12:58.488289-04:00	2026-09-16T14:12:59.482811-04:00	2026-09-16T14:13:00.373639-04:00	1	1	17294
job-260724867be9	000939	sub-A3728/sub-A3728_ses-210309b_behavior+ecephys.nwb	aind+ephys	v1.2.4	1cbdbee	7940dfd	v0.3.49	676e1738-f18b-444a-9cc9-e3bd2713a4a1	22483369105	failed	2026-09-18T00:10:39.958808-04:00	2026-09-18T00:10:40.338429-04:00	2026-09-18T00:10:41.611964-04:00	0	1	14388
job-260910867be9	000939	sub-A3728/sub-A3728_ses-210309b_behavior+ecephys.nwb	aind+ephys	v1.2.4	1cbdbee	7940dfd	v0.3.49	676e1738-f18b-444a-9cc9-e3bd2713a4a1	22483369105	failed	2026-09-16T14:13:01.371519-04:00	2026-09-16T14:13:01.393039-04:00	2026-09-16T14:13:04.180867-04:00	0	3	14388
job-26070997d366	000939	sub-A6211/sub-A6211_ses-210407_behavior+ecephys+ogen.nwb	aind+ephys	v1.2.4	1cbdbee	7940dfd	v0.3.49	a91db317-e545-4504-a5ea-f16e0c7d35f1	22905827358	failed	2026-09-18T00:10:43.990930-04:00	2026-09-18T00:10:44.457886-04:00	2026-09-18T00:10:45.593898-04:00	0	1	11721
job-26091097d366	000939	sub-A6211/sub-A6211_ses-210407_behavior+ecephys+ogen.nwb	aind+ephys	v1.2.4	1cbdbee	7940dfd	v0.3.49	a91db317-e545-4504-a5ea-f16e0c7d35f1	22905827358	failed	2026-09-16T14:13:05.114642-04:00	2026-09-16T14:13:05.140164-04:00	2026-09-16T14:13:06.732397-04:00	0	2	11721
job-260721a22d36	000947	sub-Gaia/sub-Gaia_ses-post-MPTP-G-161118-2_ecephys.nwb	aind+ephys	v1.2.4	1cbdbee	7940dfd	v0.3.49	78a95c3c-533b-4555-9318-fa606326c93f	6962855604	failed	2026-09-18T00:10:48.180164-04:00	2026-09-18T00:10:48.826289-04:00	2026-09-18T00:10:49.936675-04:00	1	1	574
job-260910a22d36	000947	sub-Gaia/sub-Gaia_ses-post-MPTP-G-161118-2_ecephys.nwb	aind+ephys	v1.2.4	1cbdbee	7940dfd	v0.3.49	78a95c3c-533b-4555-9318-fa606326c93f	6962855604	failed	2026-09-16T14:13:07.661297-04:00	2026-09-16T14:13:07.674311-04:00	2026-09-16T14:13:08.493582-04:00	0	1	574
job-26071889cdb6	000947	sub-Gaia/sub-Gaia_ses-post-MPTP-G-170207-3_ecephys.nwb	aind+ephys	v1.2.4	1cbdbee	7940dfd	v0.3.49	ff102a4f-d656-4306-baae-0b08d8712376	5491168236	failed	2026-09-18T00:10:52.653802-04:00	2026-09-18T00:10:52.830649-04:00	2026-09-18T00:10:54.554782-04:00	0	2	69
job-26091089cdb6	000947	sub-Gaia/sub-Gaia_ses-post-MPTP-G-170207-3_ecephys.nwb	aind+ephys	v1.2.4	1cbdbee	7940dfd	v0.3.49	ff102a4f-d656-4306-baae-0b08d8712376	5491168236	failed	2026-09-16T14:13:09.431592-04:00	2026-09-16T14:13:09.847430-04:00	2026-09-16T14:13:11.064429-04:00	0	1	69
job-2607274ccda8	000947	sub-Gaia/sub-Gaia_ses-post-MPTP-G-170310-6_ecephys.nwb	aind+ephys	v1.2.4	1cbdbee	7940dfd	v0.3.49	83e40a68-0c42-4c1b-8521-141204ae155f	3985382230	failed	2026-09-18T00:10:57.073679-04:00	2026-09-18T00:10:57.570050-04:00	2026-09-18T00:10:59.011300-04:00	0	1	180
job-2609104ccda8	000947	sub-Gaia/sub-Gaia_ses-post-MPTP-G-170310-6_ecephys.nwb	aind+ephys	v1.2.4	1cbdbee	7940dfd	v0.3.49	83e40a68-0c42-4c1b-8521-141204ae155f	3985382230	failed	2026-09-16T14:13:12.018264-04:00	2026-09-16T14:13:12.030274-04:00	2026-09-16T14:13:13.690610-04:00	0	2	180
job-260716873bd5	000947	sub-Gaia/sub-Gaia_ses-pre-MPTP-G-140524-3_ecephys.nwb	aind+ephys	v1.2.4	1cbdbee	7940dfd	v0.3.49	9c129bd7-e81c-457c-9207-4564ed5b7915	221076371	failed	2026-09-18T00:11:01.412354-04:00	2026-09-18T00:11:02.227840-04:00	2026-09-18T00:11:03.355882-04:00	1	1	374
job-260910873bd5	000947	sub-Gaia/sub-Gaia_ses-pre-MPTP-G-140524-3_ecephys.nwb	aind+ephys	v1.2.4	1cbdbee	7940dfd	v0.3.49	9c129bd7-e81c-457c-9207-4564ed5b7915	221076371	failed	2026-09-16T14:13:14.724839-04:00	2026-09-16T14:13:14.711332-04:00	2026-09-16T14:13:15.600033-04:00	0	1	374
job-260713460396	000947	sub-Gaia/sub-Gaia_ses-pre-MPTP-G-140524-7_ecephys.nwb	aind+ephys	v1.2.4	1cbdbee	7940dfd	v0.3.49	524da237-793f-443e-b86b-e9d8a608d004	524183893	failed	2026-09-18T00:11:05.817121-04:00	2026-09-18T00:11:06.740562-04:00	2026-09-18T00:11:07.785217-04:00	1	1	64
job-260910460396	000947	sub-Gaia/sub-Gaia_ses-pre-MPTP-G-140524-7_ecephys.nwb	aind+ephys	v1.2.4	1cbdbee	7940dfd	v0.3.49	524da237-793f-443e-b86b-e9d8a608d004	524183893	failed	2026-09-16T14:13:16.259648-04:00	2026-09-16T14:13:16.998473-04:00	2026-09-16T14:13:17.895692-04:00	1	1	64
job-260927164d10	000947	sub-Gaia/sub-Gaia_ses-pre-MPTP-G-140612-4_ecephys.nwb	lfp	v0.9.5	2f6768c		v0.9.5	10f1f773-b196-4b4d-80aa-98cf371203a9	520913778	stalled	2026-09-27T12:34:11.218578-04:00	2026-09-27T12:34:11.179402-04:00		0		
job-26071633de72	000947	sub-Isis/sub-Isis_ses-pre-MPTP-I-160615-1_ecephys.nwb	aind+ephys	v1.2.4	1cbdbee	7940dfd	v0.3.49	172fcfc5-7055-4044-b8a8-7943e6edeff6	3796468223	failed	2026-09-18T00:11:10.228731-04:00	2026-09-18T00:11:10.730209-04:00	2026-09-18T00:11:11.776218-04:00	1	1	536
job-26091033de72	000947	sub-Isis/sub-Isis_ses-pre-MPTP-I-160615-1_ecephys.nwb	aind+ephys	v1.2.4	1cbdbee	7940dfd	v0.3.49	172fcfc5-7055-4044-b8a8-7943e6edeff6	3796468223	failed	2026-09-16T14:13:18.827406-04:00	2026-09-16T14:13:18.780369-04:00	2026-09-16T14:13:20.097512-04:00	0	1	536
job-260925d8ca83	000947	sub-Isis/sub-Isis_ses-pre-MPTP-I-160621-3_ecephys.nwb	lfp	v0.9.5	2f6768c		v0.9.5	81d4dcbf-38de-4128-8128-0114bbed2873	3103700952	stalled	2026-09-27T12:34:19.597972-04:00	2026-09-27T12:34:19.574861-04:00		0		
job-26092686d2eb	000947	sub-Isis/sub-Isis_ses-pre-MPTP-I-160708-2_ecephys.nwb	lfp	v0.9.5	2f6768c		v0.9.5	05501e15-bfc6-4a4f-b291-cefda24f52e6	7856901876	stalled	2026-09-27T12:34:27.957859-04:00	2026-09-27T12:34:27.950437-04:00		0		
job-26070939c2fe	000947	sub-Isis/sub-Isis_ses-pre-MPTP-I-160714-1_ecephys.nwb	aind+ephys	v1.2.4	1cbdbee	7940dfd	v0.3.49	453b174b-75c8-409d-b905-88d160eaf941	2654362204	failed	2026-09-18T00:11:14.166251-04:00	2026-09-18T00:11:15.217290-04:00	2026-09-18T00:11:16.260521-04:00	1	1	361
job-26091039c2fe	000947	sub-Isis/sub-Isis_ses-pre-MPTP-I-160714-1_ecephys.nwb	aind+ephys	v1.2.4	1cbdbee	7940dfd	v0.3.49	453b174b-75c8-409d-b905-88d160eaf941	2654362204	failed	2026-09-16T14:13:20.789101-04:00	2026-09-16T14:13:21.171415-04:00	2026-09-16T14:13:22.167174-04:00	0	1	361
job-260709ef65f8	000947	sub-Isis/sub-Isis_ses-pre-MPTP-I-170322-4_ecephys.nwb	aind+ephys	v1.2.4	1cbdbee	7940dfd	v0.3.49	342a6e8a-8264-447d-bdbf-d70f4425e8d4	1505348020	failed	2026-09-18T00:11:18.914434-04:00	2026-09-18T00:11:20.147209-04:00	2026-09-18T00:11:21.129350-04:00	1	1	63
job-260910ef65f8	000947	sub-Isis/sub-Isis_ses-pre-MPTP-I-170322-4_ecephys.nwb	aind+ephys	v1.2.4	1cbdbee	7940dfd	v0.3.49	342a6e8a-8264-447d-bdbf-d70f4425e8d4	1505348020	failed	2026-09-16T14:13:22.849235-04:00	2026-09-16T14:13:22.808697-04:00	2026-09-16T14:13:24.211862-04:00	0	1	63
job-260718ef9200	000953	sub-MonkeyN-held-in-calib/sub-MonkeyN-held-in-calib_ses-2020-10-19-Run2_behavior+ecephys.nwb	aind+ephys	v1.2.4	1cbdbee	7940dfd	v0.3.49	fce994a6-dbda-4879-aa4a-8efdbe090573	2407211257	failed	2026-09-18T00:11:23.534209-04:00	2026-09-18T00:11:24.134354-04:00	2026-09-18T00:11:25.226407-04:00	1	1	34
job-260910ef9200	000953	sub-MonkeyN-held-in-calib/sub-MonkeyN-held-in-calib_ses-2020-10-19-Run2_behavior+ecephys.nwb	aind+ephys	v1.2.4	1cbdbee	7940dfd	v0.3.49	fce994a6-dbda-4879-aa4a-8efdbe090573	2407211257	failed	2026-09-16T14:13:25.031080-04:00	2026-09-16T14:13:25.018070-04:00	2026-09-16T14:13:26.181470-04:00	0	1	34
job-26071102cda3	000953	sub-MonkeyN-held-in-calib/sub-MonkeyN-held-in-calib_ses-2020-10-20-Run1_behavior+ecephys.nwb	aind+ephys	v1.2.4	1cbdbee	7940dfd	v0.3.49	5fe1c6d2-e752-4c60-b165-fdaefeb562ea	1879943059	failed	2026-09-18T00:11:27.742866-04:00	2026-09-18T00:11:28.740582-04:00	2026-09-18T00:11:29.845564-04:00	1	1	3539
job-26091002cda3	000953	sub-MonkeyN-held-in-calib/sub-MonkeyN-held-in-calib_ses-2020-10-20-Run1_behavior+ecephys.nwb	aind+ephys	v1.2.4	1cbdbee	7940dfd	v0.3.49	5fe1c6d2-e752-4c60-b165-fdaefeb562ea	1879943059	failed	2026-09-16T14:13:26.782926-04:00	2026-09-16T14:13:27.722785-04:00	2026-09-16T14:13:28.579052-04:00	1	1	3539
job-260709e8eb10	000953	sub-MonkeyN-held-in-calib/sub-MonkeyN-held-in-calib_ses-2020-10-20-Run2_behavior+ecephys.nwb	aind+ephys	v1.2.4	1cbdbee	7940dfd	v0.3.49	f9c2f669-fa45-4a6f-b4a4-3664ec88195b	1866625575	failed	2026-09-18T00:11:32.407511-04:00	2026-09-18T00:11:33.616698-04:00	2026-09-18T00:11:34.604839-04:00	1	1	279
job-260910e8eb10	000953	sub-MonkeyN-held-in-calib/sub-MonkeyN-held-in-calib_ses-2020-10-20-Run2_behavior+ecephys.nwb	aind+ephys	v1.2.4	1cbdbee	7940dfd	v0.3.49	f9c2f669-fa45-4a6f-b4a4-3664ec88195b	1866625575	failed	2026-09-16T14:13:29.388675-04:00	2026-09-16T14:13:29.376656-04:00	2026-09-16T14:13:31.275731-04:00	0	2	279
job-260716356e8e	000953	sub-MonkeyN-held-in-calib/sub-MonkeyN-held-in-calib_ses-2020-10-27-Run1_behavior+ecephys.nwb	aind+ephys	v1.2.4	1cbdbee	7940dfd	v0.3.49	eb7460d6-6c32-44da-ae9d-c44a7b11e881	1470730520	failed	2026-09-18T00:11:37.150893-04:00	2026-09-18T00:11:37.419728-04:00	2026-09-18T00:11:38.728956-04:00	0	1	222
job-260910356e8e	000953	sub-MonkeyN-held-in-calib/sub-MonkeyN-held-in-calib_ses-2020-10-27-Run1_behavior+ecephys.nwb	aind+ephys	v1.2.4	1cbdbee	7940dfd	v0.3.49	eb7460d6-6c32-44da-ae9d-c44a7b11e881	1470730520	failed	2026-09-16T14:13:32.271030-04:00	2026-09-16T14:13:32.263520-04:00	2026-09-16T14:13:33.125973-04:00	0	1	222
job-2607276a77fa	000953	sub-MonkeyN-held-in-calib/sub-MonkeyN-held-in-calib_ses-2020-10-28-Run1_behavior+ecephys.nwb	aind+ephys	v1.2.4	1cbdbee	7940dfd	v0.3.49	8e1c7342-f8ea-4382-80a6-ca71f71f7402	2137463302	failed	2026-09-18T00:11:41.188998-04:00	2026-09-18T00:11:41.920094-04:00	2026-09-18T00:11:42.992925-04:00	1	1	59
job-2609106a77fa	000953	sub-MonkeyN-held-in-calib/sub-MonkeyN-held-in-calib_ses-2020-10-28-Run1_behavior+ecephys.nwb	aind+ephys	v1.2.4	1cbdbee	7940dfd	v0.3.49	8e1c7342-f8ea-4382-80a6-ca71f71f7402	2137463302	failed	2026-09-16T14:13:34.012693-04:00	2026-09-16T14:13:34.082750-04:00	2026-09-16T14:13:35.965959-04:00	0	2	59
job-2609258a6b8e	000953	sub-MonkeyN-held-in-minival/sub-MonkeyN-held-in-minival_ses-2020-10-20-Run2_behavior+ecephys.nwb	lfp	v0.9.5	2f6768c		v0.9.5	fa395fa5-69f2-4aa8-85eb-ace60265499d	14278472	stalled	2026-09-27T12:34:36.547427-04:00	2026-09-27T12:34:36.560740-04:00		0		
job-260723564ba8	000957	sub-ZYE-0021/sub-ZYE-0021_ses-1_ecephys+image.nwb	aind+ephys	v1.2.4	1cbdbee	7940dfd	v0.3.49	c47ad1ad-77ac-4afb-8ac5-5ad57c2e4385	52286262335	failed	2026-09-18T00:11:45.474340-04:00	2026-09-18T00:11:46.612593-04:00	2026-09-18T00:11:47.653876-04:00	1	1	9108
job-260910564ba8	000957	sub-ZYE-0021/sub-ZYE-0021_ses-1_ecephys+image.nwb	aind+ephys	v1.2.4	1cbdbee	7940dfd	v0.3.49	c47ad1ad-77ac-4afb-8ac5-5ad57c2e4385	52286262335	failed	2026-09-16T14:13:36.956864-04:00	2026-09-16T14:13:36.924842-04:00	2026-09-16T14:13:38.552009-04:00	0	2	9108
job-26091078ea31	000957	sub-ZYE-0021/sub-ZYE-0021_ses-4_ecephys+image.nwb	aind+ephys	v1.2.2	1cbdbee	7940dfd	v0.3.28	81ef0096-213e-4860-9662-210e509e5853	53434610840	failed	2026-09-16T14:13:39.499820-04:00	2026-09-16T14:13:39.512327-04:00	2026-09-16T14:13:40.378485-04:00	0	1	23068
job-260624bdbdb4	000957	sub-ZYE-0031/sub-ZYE-0031_ecephys+image.nwb	aind+ephys	v1.2.4	1cbdbee	7940dfd	v0.3.46	96f2d25b-c7bf-4de6-a53e-01a45daac665	54750886884	stalled	2026-09-18T00:11:52.114209-04:00	2026-09-18T00:11:52.301282-04:00		0		
job-260626bdbdb4	000957	sub-ZYE-0031/sub-ZYE-0031_ecephys+image.nwb	aind+ephys	v1.2.4	1cbdbee	7940dfd	v0.3.46	96f2d25b-c7bf-4de6-a53e-01a45daac665	54750886884	failed	2026-09-18T00:11:53.282982-04:00	2026-09-18T00:11:54.286730-04:00	2026-09-18T00:11:55.678708-04:00	1	1	218
job-260626bdbdb4-2	000957	sub-ZYE-0031/sub-ZYE-0031_ecephys+image.nwb	aind+ephys	v1.2.4	1cbdbee	7940dfd	v0.3.46	96f2d25b-c7bf-4de6-a53e-01a45daac665	54750886884	failed	2026-09-18T00:11:56.962022-04:00	2026-09-18T00:11:56.941841-04:00	2026-09-18T00:11:58.132095-04:00	0	1	424
job-260626bdbdb4-3	000957	sub-ZYE-0031/sub-ZYE-0031_ecephys+image.nwb	aind+ephys	v1.2.4	1cbdbee	7940dfd	v0.3.46	96f2d25b-c7bf-4de6-a53e-01a45daac665	54750886884	failed	2026-09-18T00:11:58.946909-04:00	2026-09-18T00:11:59.492235-04:00	2026-09-18T00:12:01.256761-04:00	1	2	69
job-260626bdbdb4-4	000957	sub-ZYE-0031/sub-ZYE-0031_ecephys+image.nwb	aind+ephys	v1.2.4	1cbdbee	7940dfd	v0.3.46	96f2d25b-c7bf-4de6-a53e-01a45daac665	54750886884	failed	2026-09-18T00:12:03.561755-04:00	2026-09-18T00:12:03.615349-04:00	2026-09-18T00:12:04.994630-04:00	0	1	437
job-260626bdbdb4-5	000957	sub-ZYE-0031/sub-ZYE-0031_ecephys+image.nwb	aind+ephys	v1.2.4	1cbdbee	7940dfd	v0.3.46	96f2d25b-c7bf-4de6-a53e-01a45daac665	54750886884	failed	2026-09-18T00:12:05.725338-04:00	2026-09-18T00:12:06.815508-04:00	2026-09-18T00:12:07.930485-04:00	1	1	211
job-260710a9139f	000957	sub-ZYE-0031/sub-ZYE-0031_ses-1_ecephys+image.nwb	aind+ephys	v1.2.4	1cbdbee	7940dfd	v0.3.49	fe2a8e7f-e467-4471-83a8-fd6c77b9636f	63844467590	failed	2026-09-18T00:12:13.545096-04:00	2026-09-18T00:12:14.729457-04:00	2026-09-18T00:12:15.736395-04:00	1	1	23455
job-260910a9139f	000957	sub-ZYE-0031/sub-ZYE-0031_ses-1_ecephys+image.nwb	aind+ephys	v1.2.4	1cbdbee	7940dfd	v0.3.49	fe2a8e7f-e467-4471-83a8-fd6c77b9636f	63844467590	failed	2026-09-16T14:13:46.309916-04:00	2026-09-16T14:13:46.696206-04:00	2026-09-16T14:13:47.620463-04:00	0	1	23455
job-2607106c071d	000957	sub-ZYE-0031/sub-ZYE-0031_ses-4_ecephys+image.nwb	aind+ephys	v1.2.4	1cbdbee	7940dfd	v0.3.49	ebba8b7d-e736-4d1f-ba9d-7de445f37869	57594474588	failed	2026-09-18T00:12:18.404128-04:00	2026-09-18T00:12:19.060819-04:00	2026-09-18T00:12:20.085953-04:00	1	1	31384
job-2609106c071d	000957	sub-ZYE-0031/sub-ZYE-0031_ses-4_ecephys+image.nwb	aind+ephys	v1.2.4	1cbdbee	7940dfd	v0.3.49	ebba8b7d-e736-4d1f-ba9d-7de445f37869	57594474588	failed	2026-09-16T14:13:48.434596-04:00	2026-09-16T14:13:48.398565-04:00	2026-09-16T14:13:49.599511-04:00	0	1	31384
job-26072387a2f6	000957	sub-ZYE-0039/sub-ZYE-0039_ecephys+image.nwb	aind+ephys	v1.2.4	1cbdbee	7940dfd	v0.3.49	dd46618a-2eb0-4f7b-846e-d87afa7da2f5	54987197621	failed	2026-09-18T00:12:22.532788-04:00	2026-09-18T00:12:23.194785-04:00	2026-09-18T00:12:24.204487-04:00	1	1	40876
job-26091087a2f6	000957	sub-ZYE-0039/sub-ZYE-0039_ecephys+image.nwb	aind+ephys	v1.2.4	1cbdbee	7940dfd	v0.3.49	dd46618a-2eb0-4f7b-846e-d87afa7da2f5	54987197621	failed	2026-09-16T14:13:50.291491-04:00	2026-09-16T14:13:50.297491-04:00	2026-09-16T14:13:51.451907-04:00	0	1	40876
job-26072551ab82	000957	sub-ZYE-0040/sub-ZYE-0040_ecephys+image.nwb	aind+ephys	v1.2.4	1cbdbee	7940dfd	v0.3.49	cff26e47-3362-46e6-b8bb-f1cf878dc01e	54070028643	failed	2026-09-18T00:12:26.699571-04:00	2026-09-18T00:12:27.112986-04:00	2026-09-18T00:12:28.570743-04:00	0	1	31570
job-26091051ab82	000957	sub-ZYE-0040/sub-ZYE-0040_ecephys+image.nwb	aind+ephys	v1.2.4	1cbdbee	7940dfd	v0.3.49	cff26e47-3362-46e6-b8bb-f1cf878dc01e	54070028643	failed	2026-09-16T14:13:52.375141-04:00	2026-09-16T14:13:52.405685-04:00	2026-09-16T14:13:53.990877-04:00	0	2	31570
job-260710ccd872	000957	sub-ZYE-0057/sub-ZYE-0057_ecephys+image.nwb	aind+ephys	v1.2.4	1cbdbee	7940dfd	v0.3.49	73adc836-e4bf-456e-90b5-75c31d9b84b8	45994208006	failed	2026-09-18T00:12:31.202990-04:00	2026-09-18T00:12:32.399426-04:00	2026-09-18T00:12:33.472922-04:00	1	1	31368
job-260910ccd872	000957	sub-ZYE-0057/sub-ZYE-0057_ecephys+image.nwb	aind+ephys	v1.2.4	1cbdbee	7940dfd	v0.3.49	73adc836-e4bf-456e-90b5-75c31d9b84b8	45994208006	failed	2026-09-16T14:13:54.873066-04:00	2026-09-16T14:13:54.924612-04:00	2026-09-16T14:13:56.019480-04:00	0	1	31368
job-26092452220e	000957	sub-ZYE-0057/sub-ZYE-0057_ecephys+image.nwb	aind+ephys	1.3.3	4e89ec7	7940dfd	v0.9.1	73adc836-e4bf-456e-90b5-75c31d9b84b8	45994208006	failed	2026-09-24T21:25:42.732281-04:00	2026-09-24T21:25:43.063918-04:00	2026-09-24T21:25:44.144091-04:00	0	1	0
job-26092552220e	000957	sub-ZYE-0057/sub-ZYE-0057_ecephys+image.nwb	aind+ephys	1.3.3	4e89ec7	7940dfd	v0.9.5	73adc836-e4bf-456e-90b5-75c31d9b84b8	45994208006	failed	2026-09-27T11:44:27.697861-04:00	2026-09-27T11:44:28.747630-04:00	2026-09-27T11:44:29.622065-04:00	1	1	372
job-260910cb6304	000957	sub-ZYE-0057/sub-ZYE-0057_ses-1_ecephys+image.nwb	aind+ephys	v1.2.2	1cbdbee	0d4bf36	v0.3.25	32ead04e-c032-45eb-8d2d-64cf011127ad	47350659020	failed	2026-09-16T14:13:56.868332-04:00	2026-09-16T14:13:56.953922-04:00	2026-09-16T14:13:58.378791-04:00	0	1	22970
job-2607215fa682	001070	sub-Godzilla/sub-Godzilla_ecephys.nwb	aind+ephys	v1.2.4	1cbdbee	7940dfd	v0.3.49	fe6cb3b1-4537-481f-993b-24ec21f1d936	165183476	failed	2026-09-18T00:12:37.778643-04:00	2026-09-18T00:12:38.875801-04:00	2026-09-18T00:12:40.071288-04:00	1	1	394
job-2607225fa682	001070	sub-Godzilla/sub-Godzilla_ecephys.nwb	aind+ephys	v1.2.4	1cbdbee	7940dfd	v0.3.49	fe6cb3b1-4537-481f-993b-24ec21f1d936	165183476	failed	2026-09-18T00:12:41.233495-04:00	2026-09-18T00:12:41.244216-04:00	2026-09-18T00:12:43.432511-04:00	0	2	6589
job-2607245fa682	001070	sub-Godzilla/sub-Godzilla_ecephys.nwb	aind+ephys	v1.2.4	1cbdbee	7940dfd	v0.3.49	fe6cb3b1-4537-481f-993b-24ec21f1d936	165183476	failed	2026-09-18T00:12:44.641551-04:00	2026-09-18T00:12:44.672046-04:00	2026-09-18T00:12:45.818266-04:00	0	1	579
job-260925a692a9	001070	sub-Godzilla/sub-Godzilla_ecephys.nwb	lfp	v0.9.5	2f6768c		v0.9.5	fe6cb3b1-4537-481f-993b-24ec21f1d936	165183476	stalled	2026-09-27T12:34:45.005907-04:00	2026-09-27T12:34:44.932865-04:00		0		
job-2607101928b0	001071	sub-Godzilla/sub-Godzilla_ecephys.nwb	aind+ephys	v1.2.4	1cbdbee	7940dfd	v0.3.49	10c5a40e-6ecb-488a-906c-ad5bd297b31d	165256732	failed	2026-09-18T00:12:49.554381-04:00	2026-09-18T00:12:49.788286-04:00	2026-09-18T00:12:51.763413-04:00	0	2	184
job-2607101928b0-2	001071	sub-Godzilla/sub-Godzilla_ecephys.nwb	aind+ephys	v1.2.4	1cbdbee	7940dfd	v0.3.49	10c5a40e-6ecb-488a-906c-ad5bd297b31d	165256732	failed	2026-09-18T00:12:53.044560-04:00	2026-09-18T00:12:53.023281-04:00	2026-09-18T00:12:54.253134-04:00	0	1	123
job-2607101928b0-3	001071	sub-Godzilla/sub-Godzilla_ecephys.nwb	aind+ephys	v1.2.4	1cbdbee	7940dfd	v0.3.49	10c5a40e-6ecb-488a-906c-ad5bd297b31d	165256732	failed	2026-09-18T00:12:55.444618-04:00	2026-09-18T00:12:55.528957-04:00	2026-09-18T00:12:58.002492-04:00	0	2	63
job-260910739f41	001071	sub-Godzilla/sub-Godzilla_ecephys.nwb	aind+ephys	v1.2.2	1cbdbee	7940dfd	v0.3.28	10c5a40e-6ecb-488a-906c-ad5bd297b31d	165256732	failed	2026-09-18T00:12:59.227868-04:00	2026-09-18T00:12:59.207485-04:00	2026-09-18T00:13:00.327749-04:00	0	1	198
job-260910739f41-2	001071	sub-Godzilla/sub-Godzilla_ecephys.nwb	aind+ephys	v1.2.2	1cbdbee	7940dfd	v0.3.28	10c5a40e-6ecb-488a-906c-ad5bd297b31d	165256732	failed	2026-09-18T00:13:01.304879-04:00	2026-09-18T00:13:02.997285-04:00	2026-09-18T00:13:04.239270-04:00	2	1	198
job-260910739f41-3	001071	sub-Godzilla/sub-Godzilla_ecephys.nwb	aind+ephys	v1.2.2	1cbdbee	7940dfd	v0.3.28	10c5a40e-6ecb-488a-906c-ad5bd297b31d	165256732	failed	2026-09-18T00:13:05.256718-04:00	2026-09-18T00:13:05.213100-04:00	2026-09-18T00:13:07.079285-04:00	0	2	1188
job-260910739f41-4	001071	sub-Godzilla/sub-Godzilla_ecephys.nwb	aind+ephys	v1.2.2	1cbdbee	7940dfd	v0.3.28	10c5a40e-6ecb-488a-906c-ad5bd297b31d	165256732	failed	2026-09-18T00:13:07.580024-04:00	2026-09-18T00:13:07.975571-04:00	2026-09-18T00:13:09.095279-04:00	0	1	978
job-26071047277f	001072	sub-Godzilla/sub-Godzilla_ecephys.nwb	aind+ephys	v1.2.4	1cbdbee	7940dfd	v0.3.49	1b49148c-00d4-4c1e-8bf4-d45a9232f5fe	165460020	failed	2026-09-18T00:13:16.115981-04:00	2026-09-18T00:13:17.431114-04:00	2026-09-18T00:13:18.535639-04:00	1	1	38
job-26071047277f-2	001072	sub-Godzilla/sub-Godzilla_ecephys.nwb	aind+ephys	v1.2.4	1cbdbee	7940dfd	v0.3.49	1b49148c-00d4-4c1e-8bf4-d45a9232f5fe	165460020	failed	2026-09-18T00:13:19.390181-04:00	2026-09-18T00:13:19.400264-04:00	2026-09-18T00:13:21.634481-04:00	0	2	34
job-26071047277f-3	001072	sub-Godzilla/sub-Godzilla_ecephys.nwb	aind+ephys	v1.2.4	1cbdbee	7940dfd	v0.3.49	1b49148c-00d4-4c1e-8bf4-d45a9232f5fe	165460020	failed	2026-09-18T00:13:22.729767-04:00	2026-09-18T00:13:22.749616-04:00	2026-09-18T00:13:24.459232-04:00	0	2	94
job-26091000f517	001072	sub-Godzilla/sub-Godzilla_ecephys.nwb	aind+ephys	v1.2.2	1cbdbee	7940dfd	v0.3.28	1b49148c-00d4-4c1e-8bf4-d45a9232f5fe	165460020	failed	2026-09-18T00:13:25.303087-04:00	2026-09-18T00:13:25.292422-04:00	2026-09-18T00:13:26.815845-04:00	0	2	259
job-26091000f517-2	001072	sub-Godzilla/sub-Godzilla_ecephys.nwb	aind+ephys	v1.2.2	1cbdbee	7940dfd	v0.3.28	1b49148c-00d4-4c1e-8bf4-d45a9232f5fe	165460020	failed	2026-09-18T00:13:27.927194-04:00	2026-09-18T00:13:27.905345-04:00	2026-09-18T00:13:29.842788-04:00	0	2	260
job-26091000f517-3	001072	sub-Godzilla/sub-Godzilla_ecephys.nwb	aind+ephys	v1.2.2	1cbdbee	7940dfd	v0.3.28	1b49148c-00d4-4c1e-8bf4-d45a9232f5fe	165460020	failed	2026-09-18T00:13:30.792603-04:00	2026-09-18T00:13:30.858496-04:00	2026-09-18T00:13:32.665036-04:00	0	2	618
job-26091000f517-4	001072	sub-Godzilla/sub-Godzilla_ecephys.nwb	aind+ephys	v1.2.2	1cbdbee	7940dfd	v0.3.28	1b49148c-00d4-4c1e-8bf4-d45a9232f5fe	165460020	failed	2026-09-18T00:13:33.285500-04:00	2026-09-18T00:13:33.864539-04:00	2026-09-18T00:13:34.983425-04:00	1	1	619
job-26091000f517-5	001072	sub-Godzilla/sub-Godzilla_ecephys.nwb	aind+ephys	v1.2.2	1cbdbee	7940dfd	v0.3.28	1b49148c-00d4-4c1e-8bf4-d45a9232f5fe	165460020	failed	2026-09-18T00:13:35.890671-04:00	2026-09-18T00:13:35.901509-04:00	2026-09-18T00:13:38.045317-04:00	0	2	979
job-260910a6cc8d	001072	sub-Godzilla/sub-Godzilla_ecephys.nwb	aind+ephys	v1.2.2	1cbdbee	0d4bf36	v0.3.24	1b49148c-00d4-4c1e-8bf4-d45a9232f5fe	165460020	failed	2026-09-18T00:13:39.237309-04:00	2026-09-18T00:13:39.226985-04:00	2026-09-18T00:13:40.984780-04:00	0	2	624
job-260910a6cc8d-2	001072	sub-Godzilla/sub-Godzilla_ecephys.nwb	aind+ephys	v1.2.2	1cbdbee	0d4bf36	v0.3.25	1b49148c-00d4-4c1e-8bf4-d45a9232f5fe	165460020	failed	2026-09-18T00:13:42.028484-04:00	2026-09-18T00:13:42.054829-04:00	2026-09-18T00:13:43.109561-04:00	0	1	620
job-260910d585a6	001073	sub-Godzilla-0-STD/sub-Godzilla-0-STD_ses-LITMUS-Rat-0-STD_ecephys.nwb	aind+ephys	v1.2.2	1cbdbee	0d4bf36	v0.3.27	8376e8fa-ad58-4cb3-9ba7-f65adcb971e8	165183476	failed	2026-09-16T14:14:20.057437-04:00	2026-09-16T14:14:21.058756-04:00	2026-09-16T14:14:21.970647-04:00	1	1	619
job-260711b9f683	001073	sub-Godzilla-2-STD/sub-Godzilla-2-STD_ses-LITMUS-Rat-2-STD_ecephys.nwb	aind+ephys	v1.2.4	1cbdbee	7940dfd	v0.3.49	7c7c16d2-1ce8-47ac-af54-cf9633ec880d	165256732	failed	2026-09-18T00:13:54.996826-04:00	2026-09-18T00:13:55.317151-04:00	2026-09-18T00:13:56.833258-04:00	0	2	154
job-2609104e81e1	001073	sub-Godzilla-2-STD/sub-Godzilla-2-STD_ses-LITMUS-Rat-2-STD_ecephys.nwb	aind+ephys	v1.2.2	1cbdbee	7940dfd	v0.3.28	7c7c16d2-1ce8-47ac-af54-cf9633ec880d	165256732	failed	2026-09-16T14:14:22.902370-04:00	2026-09-16T14:14:22.829309-04:00	2026-09-16T14:14:24.819823-04:00	0	2	619
job-260910b9f683	001073	sub-Godzilla-2-STD/sub-Godzilla-2-STD_ses-LITMUS-Rat-2-STD_ecephys.nwb	aind+ephys	v1.2.4	1cbdbee	7940dfd	v0.3.49	7c7c16d2-1ce8-47ac-af54-cf9633ec880d	165256732	failed	2026-09-16T14:14:26.029242-04:00	2026-09-16T14:14:26.039250-04:00	2026-09-16T14:14:28.137560-04:00	0	2	154
job-260710923ac2	001073	sub-Godzilla-4-STD/sub-Godzilla-4-STD_ses-LITMUS-Rat-4-STD_ecephys.nwb	aind+ephys	v1.2.4	1cbdbee	7940dfd	v0.3.49	b569e25e-b0ab-4933-a0fa-f1933582fa31	165460020	failed	2026-09-18T00:14:01.100526-04:00	2026-09-18T00:14:03.212360-04:00	2026-09-18T00:14:04.374559-04:00	2	1	94
job-260710923ac2-2	001073	sub-Godzilla-4-STD/sub-Godzilla-4-STD_ses-LITMUS-Rat-4-STD_ecephys.nwb	aind+ephys	v1.2.4	1cbdbee	7940dfd	v0.3.49	b569e25e-b0ab-4933-a0fa-f1933582fa31	165460020	failed	2026-09-18T00:14:05.562387-04:00	2026-09-18T00:14:05.584836-04:00	2026-09-18T00:14:07.191659-04:00	0	2	34
job-260910fcca8a	001073	sub-Godzilla-4-STD/sub-Godzilla-4-STD_ses-LITMUS-Rat-4-STD_ecephys.nwb	aind+ephys	v1.2.2	1cbdbee	7940dfd	v0.3.28	b569e25e-b0ab-4933-a0fa-f1933582fa31	165460020	failed	2026-09-16T14:14:29.192469-04:00	2026-09-16T14:14:29.159937-04:00	2026-09-16T14:14:30.055182-04:00	0	1	616
job-2606139e7284	001132	sub-10F-4/sub-10F-4_ses-20240928T165229_ecephys.nwb	aind+ephys	v1.2.2	1cbdbee	7940dfd	v0.3.34	ed335c05-781d-4fa0-87a4-f16dd4aae493	4068167088	failed	2026-09-18T00:14:11.476048-04:00	2026-09-18T00:14:11.595416-04:00	2026-09-18T00:14:13.642330-04:00	0	2	1249
job-2609109e7284	001132	sub-10F-4/sub-10F-4_ses-20240928T165229_ecephys.nwb	aind+ephys	v1.2.2	1cbdbee	7940dfd	v0.3.34	ed335c05-781d-4fa0-87a4-f16dd4aae493	4068167088	failed	2026-09-16T14:14:32.765517-04:00	2026-09-16T14:14:32.925153-04:00	2026-09-16T14:14:34.492734-04:00	0	2	1249
job-260626542b36	001132	sub-10F-5/sub-10F-5_ses-20240928T165424_ecephys.nwb	aind+ephys	v1.2.4	1cbdbee	7940dfd	v0.3.46	09e74c10-3a67-46e4-a7ff-17c5a5c11b28	4208889800	stalled	2026-09-18T00:14:16.158454-04:00	2026-09-18T00:14:16.246384-04:00		0		
job-260910542b36	001132	sub-10F-5/sub-10F-5_ses-20240928T165424_ecephys.nwb	aind+ephys	v1.2.4	1cbdbee	7940dfd	v0.3.46	09e74c10-3a67-46e4-a7ff-17c5a5c11b28	4208889800	stalled	2026-09-16T14:14:35.540638-04:00	2026-09-16T14:14:35.546639-04:00		0		
job-260924dfb780	001132	sub-10F-5/sub-10F-5_ses-20240928T165424_ecephys.nwb	aind+ephys	1.3.3	4e89ec7	7940dfd	v0.9.1	09e74c10-3a67-46e4-a7ff-17c5a5c11b28	4208889800	failed	2026-09-24T21:25:51.676004-04:00	2026-09-24T21:25:51.961777-04:00	2026-09-24T21:25:53.306908-04:00	0	1	0
job-260626041e54	001132	sub-10F-8/sub-10F-8_ses-20240928T165425_ecephys.nwb	aind+ephys	v1.2.4	1cbdbee	7940dfd	v0.3.46	fd36e552-b00b-424d-9cfd-bbbb36acefa4	5084470456	failed	2026-09-18T00:14:18.386844-04:00	2026-09-18T00:14:19.559492-04:00	2026-09-18T00:14:20.607695-04:00	1	1	29695
job-260910041e54	001132	sub-10F-8/sub-10F-8_ses-20240928T165425_ecephys.nwb	aind+ephys	v1.2.4	1cbdbee	7940dfd	v0.3.46	fd36e552-b00b-424d-9cfd-bbbb36acefa4	5084470456	failed	2026-09-16T14:14:36.356255-04:00	2026-09-16T14:14:36.717589-04:00	2026-09-16T14:14:38.170539-04:00	0	1	29695
job-2606277ce973	001132	sub-12G-2/sub-12G-2_ses-20240928T165429_ecephys.nwb	aind+ephys	v1.2.4	1cbdbee	7940dfd	v0.3.46	9fa43399-d412-416f-b407-579a7d4ad76f	6308587650	failed	2026-09-18T00:14:23.246855-04:00	2026-09-18T00:14:23.846964-04:00	2026-09-18T00:14:24.954255-04:00	1	1	204
job-2609107ce973	001132	sub-12G-2/sub-12G-2_ses-20240928T165429_ecephys.nwb	aind+ephys	v1.2.4	1cbdbee	7940dfd	v0.3.46	9fa43399-d412-416f-b407-579a7d4ad76f	6308587650	failed	2026-09-16T14:14:39.095008-04:00	2026-09-16T14:14:39.059473-04:00	2026-09-16T14:14:40.119146-04:00	0	1	204
job-26071365129a	001132	sub-1A-0/sub-1A-0_ses-20240928T165245_ecephys.nwb	aind+ephys	v1.2.4	1cbdbee	7940dfd	v0.3.49	12ffdce1-a7ad-4cb9-a0fd-87e2bbe9dc9e	5262620930	failed	2026-09-18T00:14:27.451409-04:00	2026-09-18T00:14:27.864365-04:00	2026-09-18T00:14:29.307860-04:00	0	1	38867
job-26091065129a	001132	sub-1A-0/sub-1A-0_ses-20240928T165245_ecephys.nwb	aind+ephys	v1.2.4	1cbdbee	7940dfd	v0.3.49	12ffdce1-a7ad-4cb9-a0fd-87e2bbe9dc9e	5262620930	failed	2026-09-16T14:14:40.943860-04:00	2026-09-16T14:14:41.078466-04:00	2026-09-16T14:14:42.752613-04:00	0	2	38867
job-26092712f895	001132	sub-1A-0/sub-1A-0_ses-20240928T165245_ecephys.nwb	aind+ephys	1.3.3	4e89ec7	7940dfd	v0.9.5	12ffdce1-a7ad-4cb9-a0fd-87e2bbe9dc9e	5262620930	failed	2026-09-27T11:44:38.317302-04:00	2026-09-27T11:44:38.997587-04:00	2026-09-27T11:44:40.017708-04:00	1	1	158
job-2609109d67b6	001132	sub-2B-0/sub-2B-0_ses-20240928T165049_ecephys.nwb	aind+ephys	v1.2.2	1cbdbee	7940dfd	v0.3.28	c822d0f0-c6bf-451c-8e7c-fd48134742ba	2179439801	failed	2026-09-16T14:14:43.767584-04:00	2026-09-16T14:14:43.783106-04:00	2026-09-16T14:14:45.152763-04:00	0	1	404
job-260910061875	001132	sub-3C-4/sub-3C-4_ses-20240928T165422_ecephys.nwb	aind+ephys	v1.2.2	1cbdbee	0d4bf36	v0.3.27	8350cc2f-606f-4ea2-9264-f3a3619ae063	759159085	failed	2026-09-16T14:14:45.796820-04:00	2026-09-16T14:14:45.804332-04:00	2026-09-16T14:14:47.031905-04:00	0	1	619
job-260910fe753c	001132	sub-4C-2/sub-4C-2_ses-20240928T164959_ecephys.nwb	aind+ephys	v1.2.2	1cbdbee	7940dfd	v0.3.28	7ad6499d-9e37-40e6-bab9-33c059fd8a24	1879800265	failed	2026-09-16T14:14:47.962146-04:00	2026-09-16T14:14:47.934126-04:00	2026-09-16T14:14:49.721429-04:00	0	2	404
job-26062196744b	001132	sub-4C-5/sub-4C-5_ses-20240928T192016_ecephys.nwb	aind+ephys	v1.2.4	1cbdbee	7940dfd	v0.3.42	45a212d1-020b-453b-927b-3fd079a029ce	2259636487	failed	2026-09-18T00:14:37.217008-04:00	2026-09-18T00:14:37.665536-04:00	2026-09-18T00:14:37.963490-04:00	0	0	
job-26091096744b	001132	sub-4C-5/sub-4C-5_ses-20240928T192016_ecephys.nwb	aind+ephys	v1.2.4	1cbdbee	7940dfd	v0.3.42	45a212d1-020b-453b-927b-3fd079a029ce	2259636487	failed	2026-09-16T14:14:50.779510-04:00	2026-09-16T14:14:50.872100-04:00	2026-09-16T14:14:50.847076-04:00	0	0	
job-2609258af073	001132	sub-5C-3/sub-5C-3_ses-20240928T165243_ecephys.nwb	aind+ephys	1.3.3	4e89ec7	7940dfd	v0.9.5	595f2f2e-e4a3-4d20-ac87-69a3c1d15e1c	3519715472	failed	2026-09-27T11:44:48.448311-04:00	2026-09-27T11:44:49.170658-04:00	2026-09-27T11:44:49.954577-04:00	1	1	193
job-2609103e1173	001132	sub-6C-3/sub-6C-3_ses-20240928T165422_ecephys.nwb	aind+ephys	v1.2.2	1cbdbee	7940dfd	v0.3.28	f1c0465e-be37-4b22-8ec1-784a32d2b70e	1132975774	failed	2026-09-16T14:14:52.246748-04:00	2026-09-16T14:14:52.892353-04:00	2026-09-16T14:14:54.144142-04:00	1	1	618
job-2606229337aa	001132	sub-7D-0/sub-7D-0_ses-20240928T165425_ecephys.nwb	aind+ephys	v1.2.4	1cbdbee	7940dfd	v0.3.42	8dc65720-245a-4cdb-83e7-c9dad8febf97	3638298341	failed	2026-09-18T00:14:41.954062-04:00	2026-09-18T00:14:42.611288-04:00	2026-09-18T00:14:42.725693-04:00	1	0	
job-2609109337aa	001132	sub-7D-0/sub-7D-0_ses-20240928T165425_ecephys.nwb	aind+ephys	v1.2.4	1cbdbee	7940dfd	v0.3.42	8dc65720-245a-4cdb-83e7-c9dad8febf97	3638298341	failed	2026-09-16T14:14:55.288783-04:00	2026-09-16T14:14:55.311808-04:00	2026-09-16T14:14:56.335732-04:00	0	1	
job-260613333513	001132	sub-7D-2/sub-7D-2_ses-20240928T165426_ecephys.nwb	aind+ephys	v1.2.2	1cbdbee	7940dfd	v0.3.34	c2e7cdfa-5b24-4da5-9f26-ec02f014a15b	3602992841	failed	2026-09-18T00:14:44.860815-04:00	2026-09-18T00:14:46.078610-04:00	2026-09-18T00:14:47.114075-04:00	1	1	134
job-260910333513	001132	sub-7D-2/sub-7D-2_ses-20240928T165426_ecephys.nwb	aind+ephys	v1.2.2	1cbdbee	7940dfd	v0.3.34	c2e7cdfa-5b24-4da5-9f26-ec02f014a15b	3602992841	failed	2026-09-16T14:14:57.930998-04:00	2026-09-16T14:14:57.920485-04:00	2026-09-16T14:14:59.502895-04:00	0	2	134
job-26062163f602	001132	sub-8D-0/sub-8D-0_ses-20240928T165424_ecephys.nwb	aind+ephys	v1.2.4	1cbdbee	7940dfd	v0.3.42	f1176851-3628-4760-a42c-85d54386f6a9	3896003649	failed	2026-09-18T00:14:50.206045-04:00	2026-09-18T00:14:51.222721-04:00	2026-09-18T00:14:51.317797-04:00	1	0	
job-26091063f602	001132	sub-8D-0/sub-8D-0_ses-20240928T165424_ecephys.nwb	aind+ephys	v1.2.4	1cbdbee	7940dfd	v0.3.42	f1176851-3628-4760-a42c-85d54386f6a9	3896003649	failed	2026-09-16T14:15:00.424891-04:00	2026-09-16T14:15:01.136666-04:00	2026-09-16T14:15:02.444654-04:00	1	1	
job-260627a2f96c	001132	sub-8D-1/sub-8D-1_ses-20240928T165423_ecephys.nwb	aind+ephys	v1.2.4	1cbdbee	7940dfd	v0.3.46	985bad23-821c-46b5-bf9a-e505c2aa2bd3	2666068384	failed	2026-09-18T00:14:53.493500-04:00	2026-09-18T00:14:54.281809-04:00	2026-09-18T00:14:55.595299-04:00	1	1	483
job-260910a2f96c	001132	sub-8D-1/sub-8D-1_ses-20240928T165423_ecephys.nwb	aind+ephys	v1.2.4	1cbdbee	7940dfd	v0.3.46	985bad23-821c-46b5-bf9a-e505c2aa2bd3	2666068384	failed	2026-09-16T14:15:03.903381-04:00	2026-09-16T14:15:03.914893-04:00	2026-09-16T14:15:06.313238-04:00	0	2	483
job-260611f8881d	001132	sub-9E-0/sub-9E-0_ses-20240928T165047_ecephys.nwb	aind+ephys	v1.2.2	1cbdbee	7940dfd	v0.3.34	e3f6c774-ae50-4233-a8bb-a7147620d400	2365440019	failed	2026-09-18T00:14:58.169184-04:00	2026-09-18T00:14:59.455585-04:00	2026-09-18T00:15:00.575108-04:00	1	1	104
job-260910f8881d	001132	sub-9E-0/sub-9E-0_ses-20240928T165047_ecephys.nwb	aind+ephys	v1.2.2	1cbdbee	7940dfd	v0.3.34	e3f6c774-ae50-4233-a8bb-a7147620d400	2365440019	failed	2026-09-16T14:15:07.594221-04:00	2026-09-16T14:15:07.639790-04:00	2026-09-16T14:15:08.744638-04:00	0	1	104
job-2609103f3287	001132	sub-9E-4/sub-9E-4_ses-20240928T165422_ecephys.nwb	aind+ephys	v1.2.2	1cbdbee	0d4bf36	v0.3.25	5d6d0199-03fa-4846-b913-925fa8e55c35	1927700858	failed	2026-09-16T14:15:09.827280-04:00	2026-09-16T14:15:11.107316-04:00	2026-09-16T14:15:12.241219-04:00	1	1	403
job-2609250ea777	001132	sub-9E-7/sub-9E-7_ses-20240928T165425_ecephys.nwb	aind+ephys	1.3.3	4e89ec7	7940dfd	v0.9.3	84530776-6793-4acd-aab7-1b3c2294bd9d	3874668927	failed	2026-09-27T11:44:58.576866-04:00	2026-09-27T11:44:59.197356-04:00	2026-09-27T11:45:00.781245-04:00	1	2	197
job-260910d75fbf	001177	sub-D0/sub-D0_ses-PPXopenField-D0-day1_ecephys.nwb	aind+ephys	v1.2.2	1cbdbee	7940dfd	v0.3.28	72a8b954-823d-4b66-a034-3e40939881d8	40108824180	failed	2026-09-16T14:15:13.317506-04:00	2026-09-16T14:15:13.267428-04:00	2026-09-16T14:15:16.208769-04:00	0	3	768
job-260910ba5c54	001177	sub-D0/sub-D0_ses-PPXopenField-D0-day4_ecephys.nwb	aind+ephys	v1.2.2	1cbdbee	7940dfd	v0.3.28	30cf78cf-df77-4a16-bf35-7d9036e89b03	38657052811	failed	2026-09-16T14:15:17.595348-04:00	2026-09-16T14:15:17.652406-04:00	2026-09-16T14:15:19.458531-04:00	0	2	1293
job-26091073d76b	001177	sub-D3-1/sub-D3-1_ses-PPXopenField-D3-1-day2_ecephys.nwb	aind+ephys	v1.2.2	1cbdbee	0d4bf36	v0.3.25	e8ecafe6-8a4f-47c3-ae1e-d2a8cc9dd5da	40015019227	failed	2026-09-16T14:15:20.467653-04:00	2026-09-16T14:15:21.837622-04:00	2026-09-16T14:15:23.101681-04:00	1	1	1113
job-260621564695	001177	sub-D3-1/sub-D3-1_ses-PPXopenField-D3-1-day4_ecephys.nwb	aind+ephys	v1.2.4	1cbdbee	7940dfd	v0.3.39	a86ea2fb-1ac7-4f51-9422-c1f588b5672f	45660913196	failed	2026-09-18T00:15:10.672383-04:00	2026-09-18T00:15:11.877022-04:00	2026-09-18T00:15:13.103140-04:00	1	1	1954
job-260621564695-2	001177	sub-D3-1/sub-D3-1_ses-PPXopenField-D3-1-day4_ecephys.nwb	aind+ephys	v1.2.4	1cbdbee	7940dfd	v0.3.42	a86ea2fb-1ac7-4f51-9422-c1f588b5672f	45660913196	failed	2026-09-18T00:15:14.338043-04:00	2026-09-18T00:15:14.348856-04:00	2026-09-18T00:15:15.246760-04:00	0	1	
job-26061287eaaf	001177	sub-E0/sub-E0_ses-PPXopenField-E0-day1_ecephys.nwb	aind+ephys	v1.2.2	1cbdbee	7940dfd	v0.3.34	2bf7b5f3-7e46-4834-acc7-6c90ed7960dc	36447829123	failed	2026-09-18T00:15:17.501668-04:00	2026-09-18T00:15:18.664120-04:00	2026-09-18T00:15:19.740221-04:00	1	1	2290
job-26091087eaaf	001177	sub-E0/sub-E0_ses-PPXopenField-E0-day1_ecephys.nwb	aind+ephys	v1.2.2	1cbdbee	7940dfd	v0.3.34	2bf7b5f3-7e46-4834-acc7-6c90ed7960dc	36447829123	failed	2026-09-16T14:15:27.407645-04:00	2026-09-16T14:15:27.548342-04:00	2026-09-16T14:15:30.515390-04:00	0	3	2290
job-26092540e916	001177	sub-E0/sub-E0_ses-PPXopenField-E0-day2_ecephys.nwb	aind+ephys	1.3.3	4e89ec7	7940dfd	v0.9.5	c6c5fdfc-e94d-4a72-a178-ba1b9cc15aa6	37073743933	failed	2026-09-27T11:45:11.331363-04:00	2026-09-27T11:45:12.168524-04:00	2026-09-27T11:45:13.347942-04:00	1	1	1596
job-260627bb5709	001177	sub-E0/sub-E0_ses-PPXopenField-E0-day4_ecephys.nwb	aind+ephys	v1.2.4	1cbdbee	7940dfd	v0.3.46	66a2eff4-9894-4268-9a31-698930a7148f	36096646315	failed	2026-09-18T00:15:22.277580-04:00	2026-09-18T00:15:23.281162-04:00	2026-09-18T00:15:24.367807-04:00	1	1	13427
job-260910bb5709	001177	sub-E0/sub-E0_ses-PPXopenField-E0-day4_ecephys.nwb	aind+ephys	v1.2.4	1cbdbee	7940dfd	v0.3.46	66a2eff4-9894-4268-9a31-698930a7148f	36096646315	failed	2026-09-16T14:15:32.044069-04:00	2026-09-16T14:15:32.026554-04:00	2026-09-16T14:15:33.945965-04:00	0	2	13427
job-26062485e38a	001177	sub-E5/sub-E5_ses-PPXopenField-E5-day2_ecephys.nwb	aind+ephys	v1.2.4	1cbdbee	7940dfd	v0.3.46	a73fe29a-b71a-43c9-a738-9bb24eb111c3	38237800633	failed	2026-09-18T00:15:27.016379-04:00	2026-09-18T00:15:28.040752-04:00	2026-09-18T00:15:29.113037-04:00	1	1	1854
job-26091085e38a	001177	sub-E5/sub-E5_ses-PPXopenField-E5-day2_ecephys.nwb	aind+ephys	v1.2.4	1cbdbee	7940dfd	v0.3.46	a73fe29a-b71a-43c9-a738-9bb24eb111c3	38237800633	failed	2026-09-16T14:15:35.046433-04:00	2026-09-16T14:15:36.658496-04:00	2026-09-16T14:15:38.220656-04:00	2	2	1854
job-260621d44c8d	001177	sub-E5/sub-E5_ses-PPXopenField-E5-day4_ecephys.nwb	aind+ephys	v1.2.4	1cbdbee	7940dfd	v0.3.39	129e3373-10f4-4234-a2e0-6df4b61b38bc	46379377943	failed	2026-09-18T00:15:31.723244-04:00	2026-09-18T00:15:32.494829-04:00	2026-09-18T00:15:33.628459-04:00	1	1	12989
job-260910d44c8d	001177	sub-E5/sub-E5_ses-PPXopenField-E5-day4_ecephys.nwb	aind+ephys	v1.2.4	1cbdbee	7940dfd	v0.3.39	129e3373-10f4-4234-a2e0-6df4b61b38bc	46379377943	failed	2026-09-16T14:15:39.909931-04:00	2026-09-16T14:15:39.838330-04:00	2026-09-16T14:15:42.602089-04:00	0	3	12989
job-26062255196f	001177	sub-H0-2/sub-H0-2_ses-PPXopenField-H0-2-day2_ecephys.nwb	aind+ephys	v1.2.4	1cbdbee	7940dfd	v0.3.43	551b7a1f-590f-4950-b489-3d6d7f208e51	38186414479	failed	2026-09-18T00:15:36.135849-04:00	2026-09-18T00:15:36.370272-04:00	2026-09-18T00:15:37.740692-04:00	0	1	3174
job-26091055196f	001177	sub-H0-2/sub-H0-2_ses-PPXopenField-H0-2-day2_ecephys.nwb	aind+ephys	v1.2.4	1cbdbee	7940dfd	v0.3.43	551b7a1f-590f-4950-b489-3d6d7f208e51	38186414479	failed	2026-09-16T14:15:43.464336-04:00	2026-09-16T14:15:44.121172-04:00	2026-09-16T14:15:46.414864-04:00	1	2	3174
job-2609100f9f64	001177	sub-H0-2/sub-H0-2_ses-PPXopenField-H0-2-day3_ecephys.nwb	aind+ephys	v1.2.2	1cbdbee	0d4bf36	v0.3.27	2b0ed39f-adbb-4fd4-ac41-adcd42f467bf	36835152947	failed	2026-09-16T14:15:47.965979-04:00	2026-09-16T14:15:47.877359-04:00	2026-09-16T14:15:50.068353-04:00	0	2	2670
job-260722d3fdee	001177	sub-H4-3/sub-H4-3_ses-PPXopenField-H4-3-day2_ecephys.nwb	aind+ephys	v1.2.4	1cbdbee	7940dfd	v0.3.49	2a6d8cd0-9fd5-478b-a382-2144a458fd96	32676965209	failed	2026-09-18T00:15:42.261467-04:00	2026-09-18T00:15:43.541445-04:00	2026-09-18T00:15:44.574206-04:00	1	1	2018
job-260910d3fdee	001177	sub-H4-3/sub-H4-3_ses-PPXopenField-H4-3-day2_ecephys.nwb	aind+ephys	v1.2.4	1cbdbee	7940dfd	v0.3.49	2a6d8cd0-9fd5-478b-a382-2144a458fd96	32676965209	failed	2026-09-16T14:15:51.954512-04:00	2026-09-16T14:15:51.934985-04:00	2026-09-16T14:15:54.251278-04:00	0	2	2018
job-260726214e3a	001177	sub-H4-3/sub-H4-3_ses-PPXopenField-H4-3-day3_ecephys.nwb	aind+ephys	v1.2.4	1cbdbee	7940dfd	v0.3.49	d20bcbf6-3fda-49c1-8041-d07d0c732d38	32152465302	failed	2026-09-18T00:15:47.123740-04:00	2026-09-18T00:15:47.839602-04:00	2026-09-18T00:15:49.049987-04:00	1	1	8965
job-260910214e3a	001177	sub-H4-3/sub-H4-3_ses-PPXopenField-H4-3-day3_ecephys.nwb	aind+ephys	v1.2.4	1cbdbee	7940dfd	v0.3.49	d20bcbf6-3fda-49c1-8041-d07d0c732d38	32152465302	failed	2026-09-16T14:15:55.382845-04:00	2026-09-16T14:15:56.881415-04:00	2026-09-16T14:15:58.727657-04:00	1	2	8965
job-2606137e18ff	001177	sub-H4-3/sub-H4-3_ses-SalineopenField-H4-3_ecephys.nwb	aind+ephys	v1.2.2	1cbdbee	7940dfd	v0.3.34	344fa188-1e80-4e76-ade6-03d7cb762d95	29654609007	failed	2026-09-18T00:15:51.796285-04:00	2026-09-18T00:15:52.505615-04:00	2026-09-18T00:15:53.728808-04:00	1	1	11119
job-2609107e18ff	001177	sub-H4-3/sub-H4-3_ses-SalineopenField-H4-3_ecephys.nwb	aind+ephys	v1.2.2	1cbdbee	7940dfd	v0.3.34	344fa188-1e80-4e76-ade6-03d7cb762d95	29654609007	failed	2026-09-16T14:16:00.563221-04:00	2026-09-16T14:16:00.505142-04:00	2026-09-16T14:16:03.958496-04:00	0	3	11119
job-260928bd7c4a	001177	sub-J0/sub-J0_ses-PPXopenField-J0-day1_ecephys.nwb	aind+ephys	1.3.3	440c8c2	ccc54dc	v0.9.7	170efdf4-4259-410f-9c45-4fe6d7f6d0ae	36921452684	pending	2026-09-28T10:55:15.950430-04:00					
job-260627fc73f1	001177	sub-J0/sub-J0_ses-PPXopenField-J0-day3_ecephys.nwb	aind+ephys	v1.2.4	1cbdbee	7940dfd	v0.3.46	da073d8a-27cc-458c-b70c-ef70df828e16	37134373087	failed	2026-09-18T00:15:56.401382-04:00	2026-09-18T00:15:57.492743-04:00	2026-09-18T00:15:58.674286-04:00	1	1	6377
job-260910fc73f1	001177	sub-J0/sub-J0_ses-PPXopenField-J0-day3_ecephys.nwb	aind+ephys	v1.2.4	1cbdbee	7940dfd	v0.3.46	da073d8a-27cc-458c-b70c-ef70df828e16	37134373087	failed	2026-09-16T14:16:05.577475-04:00	2026-09-16T14:16:05.635574-04:00	2026-09-16T14:16:07.807698-04:00	0	2	6377
job-260926c9441b	001177	sub-J0/sub-J0_ses-PPXopenField-J0-day3_ecephys.nwb	aind+ephys	1.3.3	4e89ec7	7940dfd	v0.9.5	da073d8a-27cc-458c-b70c-ef70df828e16	37134373087	failed	2026-09-27T11:45:23.841077-04:00	2026-09-27T11:45:24.261592-04:00	2026-09-27T11:45:26.482572-04:00	0	2	6772
job-260717d5a243	001177	sub-J0/sub-J0_ses-PPXopenField-J0-day4_ecephys.nwb	aind+ephys	v1.2.4	1cbdbee	7940dfd	v0.3.49	b3d31041-837c-4909-9d3d-fc52c591028e	40168404593	failed	2026-09-18T00:16:01.434704-04:00	2026-09-18T00:16:02.976953-04:00	2026-09-18T00:16:04.002087-04:00	2	1	1648
job-260910d5a243	001177	sub-J0/sub-J0_ses-PPXopenField-J0-day4_ecephys.nwb	aind+ephys	v1.2.4	1cbdbee	7940dfd	v0.3.49	b3d31041-837c-4909-9d3d-fc52c591028e	40168404593	failed	2026-09-16T14:16:09.430477-04:00	2026-09-16T14:16:09.531137-04:00	2026-09-16T14:16:11.675782-04:00	0	2	1648
job-260725a8dd70	001177	sub-JFB/sub-JFB_ses-PPXopenField-JFB-day1_ecephys.nwb	aind+ephys	v1.2.4	1cbdbee	7940dfd	v0.3.49	bb41fcab-295f-47eb-9e4a-4790fb9273e0	29842896321	failed	2026-09-18T00:16:06.619965-04:00	2026-09-18T00:16:07.807506-04:00	2026-09-18T00:16:08.946804-04:00	1	1	12120
job-260910a8dd70	001177	sub-JFB/sub-JFB_ses-PPXopenField-JFB-day1_ecephys.nwb	aind+ephys	v1.2.4	1cbdbee	7940dfd	v0.3.49	bb41fcab-295f-47eb-9e4a-4790fb9273e0	29842896321	failed	2026-09-16T14:16:12.817741-04:00	2026-09-16T14:16:14.400963-04:00	2026-09-16T14:16:16.063285-04:00	2	2	12120
job-260627e73fc9	001177	sub-JFF/sub-JFF_ses-PPXopenField-JFF-day1_ecephys.nwb	aind+ephys	v1.2.4	1cbdbee	7940dfd	v0.3.46	8ccab0bb-cd2e-492f-8625-3ad007a81ac2	31306396877	failed	2026-09-18T00:16:11.606563-04:00	2026-09-18T00:16:11.717599-04:00	2026-09-18T00:16:13.331809-04:00	0	2	14904
job-260910e73fc9	001177	sub-JFF/sub-JFF_ses-PPXopenField-JFF-day1_ecephys.nwb	aind+ephys	v1.2.4	1cbdbee	7940dfd	v0.3.46	8ccab0bb-cd2e-492f-8625-3ad007a81ac2	31306396877	failed	2026-09-16T14:16:17.870384-04:00	2026-09-16T14:16:17.850858-04:00	2026-09-16T14:16:20.889636-04:00	0	3	14904
job-260710e2e230	001177	sub-K1/sub-K1_ses-PPXopenField-K1-day2_ecephys.nwb	aind+ephys	v1.2.4	1cbdbee	7940dfd	v0.3.49	60171f40-792f-4514-a9fe-77542cc90983	37608632415	failed	2026-09-18T00:16:15.875282-04:00	2026-09-18T00:16:16.929089-04:00	2026-09-18T00:16:18.064232-04:00	1	1	4200
job-260910e2e230	001177	sub-K1/sub-K1_ses-PPXopenField-K1-day2_ecephys.nwb	aind+ephys	v1.2.4	1cbdbee	7940dfd	v0.3.49	60171f40-792f-4514-a9fe-77542cc90983	37608632415	failed	2026-09-16T14:16:22.620976-04:00	2026-09-16T14:16:22.731619-04:00	2026-09-16T14:16:24.230160-04:00	0	1	4200
job-26092526b59f	001177	sub-K4/sub-K4_ses-PPXopenField-K4-day2-optoSession_ecephys.nwb	lfp	v0.9.5	2f6768c		v0.9.5	b13bd2f4-101b-43ac-a9fc-75b36efb903a	6997274279	stalled	2026-09-27T12:34:53.300895-04:00	2026-09-27T12:34:53.257038-04:00		0		
job-26091060a1c8	001177	sub-K4/sub-K4_ses-PPXopenField-K4-day2_ecephys.nwb	aind+ephys	v1.2.2	1cbdbee	7940dfd	v0.3.28	c1d37f92-cc7b-4f51-bb68-f342b0950021	30294366487	failed	2026-09-16T14:16:25.643594-04:00	2026-09-16T14:16:27.277298-04:00	2026-09-16T14:16:28.914085-04:00	2	2	690
job-260710ed47d8	001177	sub-N4/sub-N4_ses-PPXopenField-N4-day4_ecephys.nwb	aind+ephys	v1.2.4	1cbdbee	7940dfd	v0.3.49	2704372d-0024-410c-a63b-324eee165546	23255616512	failed	2026-09-18T00:16:22.631580-04:00	2026-09-18T00:16:23.695168-04:00	2026-09-18T00:16:24.844473-04:00	1	1	4354
job-260910ed47d8	001177	sub-N4/sub-N4_ses-PPXopenField-N4-day4_ecephys.nwb	aind+ephys	v1.2.4	1cbdbee	7940dfd	v0.3.49	2704372d-0024-410c-a63b-324eee165546	23255616512	failed	2026-09-16T14:16:30.579426-04:00	2026-09-16T14:16:30.597437-04:00	2026-09-16T14:16:33.191479-04:00	0	3	4354
job-260624c4dfa4	001177	sub-P4/sub-P4_ses-PPXopenField-P4-day1_ecephys.nwb	aind+ephys	v1.2.4	1cbdbee	7940dfd	v0.3.43	9e240fa8-0c22-48d6-ab8e-aafdec9c7c86	39948814820	failed	2026-09-18T00:16:27.512460-04:00	2026-09-18T00:16:28.735816-04:00	2026-09-18T00:16:29.827489-04:00	1	1	42875
job-260910c4dfa4	001177	sub-P4/sub-P4_ses-PPXopenField-P4-day1_ecephys.nwb	aind+ephys	v1.2.4	1cbdbee	7940dfd	v0.3.43	9e240fa8-0c22-48d6-ab8e-aafdec9c7c86	39948814820	failed	2026-09-16T14:16:34.908286-04:00	2026-09-16T14:16:34.985402-04:00	2026-09-16T14:16:36.704304-04:00	0	2	42875
job-260925babd05	001203	sub-Ast-NPX-03/sub-Ast-NPX-03_ses-Disc4-NPX3-NPX4-NPX5-g0-imec0_ecephys.nwb	lfp	v0.9.5	2f6768c		v0.9.5	114cd714-9748-4a47-b13e-e71864c38adf	111218305083	stalled	2026-09-27T12:35:01.664840-04:00	2026-09-27T12:35:01.678456-04:00		0		
job-2609270166c6	001203	sub-Ast-NPX-03/sub-Ast-NPX-03_ses-Disc4-NPX3-NPX4-NPX5-g0-imec0_ecephys.nwb	aind+ephys	1.3.3	4e89ec7	7940dfd	v0.9.5	114cd714-9748-4a47-b13e-e71864c38adf	111218305083	failed	2026-09-27T11:45:36.526448-04:00	2026-09-27T11:45:37.669369-04:00	2026-09-27T11:45:38.599018-04:00	1	1	64
job-2609283471b0	001203	sub-Ast-NPX-05/sub-Ast-NPX-05_ses-Disc4-NPX3-NPX4-NPX5-g0-imec2_ecephys.nwb	aind+ephys	1.3.3	440c8c2	ccc54dc	v0.9.7	177fc3a1-4676-452e-84c2-631c2c670cf0	112916938438	pending	2026-09-28T10:55:24.658937-04:00					
job-260925ef031b	001203	sub-Ast-NPX-08/sub-Ast-NPX-08_ses-Disc6-NPX8-NPX9-g0-imec0_ecephys.nwb	aind+ephys	1.3.3	4e89ec7	7940dfd	v0.9.3	06a5808d-5e32-4eb4-be2e-67c9d09659d8	110693647335	failed	2026-09-27T11:45:48.368627-04:00	2026-09-27T11:45:48.820455-04:00	2026-09-27T11:45:50.151315-04:00	0	1	98
job-2609273822a1	001203	sub-Ast-NPX-08/sub-Ast-NPX-08_ses-Disc6-NPX8-NPX9-g0-imec0_ecephys.nwb	lfp	v0.9.5	2f6768c		v0.9.5	06a5808d-5e32-4eb4-be2e-67c9d09659d8	110693647335	stalled	2026-09-27T12:35:10.712770-04:00	2026-09-27T12:35:10.704533-04:00		0		
job-260713447a67	001250	sub-001-fitted/sub-001-fitted_ecephys.nwb	aind+ephys	v1.2.4	1cbdbee	7940dfd	v0.3.49	0c32c475-1251-485b-9934-83667b3ba4ba	117376401959	stalled	2026-09-18T00:16:32.581087-04:00	2026-09-18T00:16:33.480023-04:00		1		
job-260910447a67	001250	sub-001-fitted/sub-001-fitted_ecephys.nwb	aind+ephys	v1.2.4	1cbdbee	7940dfd	v0.3.49	0c32c475-1251-485b-9934-83667b3ba4ba	117376401959	stalled	2026-09-16T14:16:38.070650-04:00	2026-09-16T14:16:38.178783-04:00		0		
job-26071112336b	001250	sub-002-fitted/sub-002-fitted_ecephys.nwb	aind+ephys	v1.2.4	1cbdbee	7940dfd	v0.3.49	9d66ed40-af31-43aa-b4ba-246d2206dcad	103166485050	failed	2026-09-18T00:16:40.585053-04:00	2026-09-18T00:16:41.278933-04:00	2026-09-18T00:16:42.354781-04:00	1	1	124
job-26091012336b	001250	sub-002-fitted/sub-002-fitted_ecephys.nwb	aind+ephys	v1.2.4	1cbdbee	7940dfd	v0.3.49	9d66ed40-af31-43aa-b4ba-246d2206dcad	103166485050	failed	2026-09-16T14:16:44.947202-04:00	2026-09-16T14:16:45.217041-04:00	2026-09-16T14:16:46.741510-04:00	0	2	124
job-260724054c90	001250	sub-002/sub-002_ecephys.nwb	aind+ephys	v1.2.4	1cbdbee	7940dfd	v0.3.49	fecce052-19ae-43bb-9961-db1d75fddd37	97552688811	failed	2026-09-18T00:16:35.281515-04:00	2026-09-18T00:16:36.635167-04:00	2026-09-18T00:16:37.632758-04:00	1	1	38222
job-260910054c90	001250	sub-002/sub-002_ecephys.nwb	aind+ephys	v1.2.4	1cbdbee	7940dfd	v0.3.49	fecce052-19ae-43bb-9961-db1d75fddd37	97552688811	failed	2026-09-16T14:16:40.966743-04:00	2026-09-16T14:16:41.193532-04:00	2026-09-16T14:16:43.429019-04:00	0	2	38222
job-260624ca4b1e	001250	sub-003-fitted/sub-003-fitted_ecephys.nwb	aind+ephys	v1.2.4	1cbdbee	7940dfd	v0.3.43	dece6568-cee4-4ade-80bf-c1166a03fe2a	16215369543	stalled	2026-09-18T00:17:06.206809-04:00	2026-09-18T00:17:06.430896-04:00		0		
job-260910ca4b1e	001250	sub-003-fitted/sub-003-fitted_ecephys.nwb	aind+ephys	v1.2.4	1cbdbee	7940dfd	v0.3.43	dece6568-cee4-4ade-80bf-c1166a03fe2a	16215369543	stalled	2026-09-16T14:16:58.164710-04:00	2026-09-16T14:16:58.972856-04:00		1		
job-260621fa8781	001250	sub-003/sub-003_ecephys.nwb	aind+ephys	v1.2.4	1cbdbee	7940dfd	v0.3.42	d0e61e4d-111e-46d3-8418-f0ba6ae1a17e	14642480594	failed	2026-09-18T00:16:45.047483-04:00	2026-09-18T00:16:45.175561-04:00	2026-09-18T00:16:46.363217-04:00	0	1	
job-260621fa8781-2	001250	sub-003/sub-003_ecephys.nwb	aind+ephys	v1.2.4	1cbdbee	7940dfd	v0.3.42	d0e61e4d-111e-46d3-8418-f0ba6ae1a17e	14642480594	failed	2026-09-18T00:16:47.510742-04:00	2026-09-18T00:16:47.521917-04:00	2026-09-18T00:16:48.969220-04:00	0	1	
job-260622fa8781	001250	sub-003/sub-003_ecephys.nwb	aind+ephys	v1.2.4	1cbdbee	7940dfd	v0.3.42	d0e61e4d-111e-46d3-8418-f0ba6ae1a17e	14642480594	failed	2026-09-18T00:16:50.156174-04:00	2026-09-18T00:16:50.167708-04:00	2026-09-18T00:16:50.717923-04:00	0	1	
job-260622fa8781-2	001250	sub-003/sub-003_ecephys.nwb	aind+ephys	v1.2.4	1cbdbee	7940dfd	v0.3.43	d0e61e4d-111e-46d3-8418-f0ba6ae1a17e	14642480594	failed	2026-09-18T00:16:51.700132-04:00	2026-09-18T00:16:52.662962-04:00	2026-09-18T00:16:54.141159-04:00	1	1	5163
job-260627fa8781	001250	sub-003/sub-003_ecephys.nwb	aind+ephys	v1.2.4	1cbdbee	7940dfd	v0.3.46	d0e61e4d-111e-46d3-8418-f0ba6ae1a17e	14642480594	failed	2026-09-18T00:16:55.541339-04:00	2026-09-18T00:16:55.530453-04:00	2026-09-18T00:16:57.028532-04:00	0	1	25341
job-260627fa8781-2	001250	sub-003/sub-003_ecephys.nwb	aind+ephys	v1.2.4	1cbdbee	7940dfd	v0.3.46	d0e61e4d-111e-46d3-8418-f0ba6ae1a17e	14642480594	failed	2026-09-18T00:16:58.183190-04:00	2026-09-18T00:16:59.154039-04:00	2026-09-18T00:17:00.802083-04:00	1	2	26029
job-260627a6e4c7	001250	sub-005/sub-005_ecephys.nwb	aind+ephys	v1.2.4	1cbdbee	7940dfd	v0.3.43	9bc44d41-2d14-4798-b649-ab77ff92579c	15624008932	failed	2026-09-18T00:17:08.642627-04:00	2026-09-18T00:17:09.805672-04:00	2026-09-18T00:17:11.714446-04:00	1	2	153
job-260627a6e4c7-2	001250	sub-005/sub-005_ecephys.nwb	aind+ephys	v1.2.4	1cbdbee	7940dfd	v0.3.46	9bc44d41-2d14-4798-b649-ab77ff92579c	15624008932	failed	2026-09-18T00:17:12.766805-04:00	2026-09-18T00:17:12.711882-04:00	2026-09-18T00:17:13.998828-04:00	0	1	392
job-260627a6e4c7-3	001250	sub-005/sub-005_ecephys.nwb	aind+ephys	v1.2.4	1cbdbee	7940dfd	v0.3.46	9bc44d41-2d14-4798-b649-ab77ff92579c	15624008932	failed	2026-09-18T00:17:14.949506-04:00	2026-09-18T00:17:15.350326-04:00	2026-09-18T00:17:17.040582-04:00	0	2	249
job-260611decc26	001250	sub-biophy-isolated-traces-reyes/sub-biophy-isolated-traces-reyes_ses-006_ecephys.nwb	aind+ephys	v1.2.2	1cbdbee	7940dfd	v0.3.34	2f3edc58-b09e-4571-bb1c-1ffb2f768b57	382278942	failed	2026-09-18T00:17:20.591852-04:00	2026-09-18T00:17:20.732213-04:00	2026-09-18T00:17:22.681492-04:00	0	2	128
job-260910decc26	001250	sub-biophy-isolated-traces-reyes/sub-biophy-isolated-traces-reyes_ses-006_ecephys.nwb	aind+ephys	v1.2.2	1cbdbee	7940dfd	v0.3.34	2f3edc58-b09e-4571-bb1c-1ffb2f768b57	382278942	failed	2026-09-16T14:17:06.604518-04:00	2026-09-16T14:17:06.642059-04:00	2026-09-16T14:17:09.246217-04:00	0	3	128
job-260627bdf8bc	001250	sub-biophy-npx-spont-disconnected/sub-biophy-npx-spont-disconnected_ecephys.nwb	aind+ephys	v1.2.4	1cbdbee	7940dfd	v0.3.46	62de17c3-fbbf-448d-9a2f-e6466f037c85	33122896884	failed	2026-09-18T00:17:25.416086-04:00	2026-09-18T00:17:25.603439-04:00	2026-09-18T00:17:27.090144-04:00	0	1	36150
job-260910bdf8bc	001250	sub-biophy-npx-spont-disconnected/sub-biophy-npx-spont-disconnected_ecephys.nwb	aind+ephys	v1.2.4	1cbdbee	7940dfd	v0.3.46	62de17c3-fbbf-448d-9a2f-e6466f037c85	33122896884	failed	2026-09-16T14:17:11.075766-04:00	2026-09-16T14:17:11.095794-04:00	2026-09-16T14:17:13.460113-04:00	0	2	36150
job-26091024769b	001250	sub-biophy-summed-traces-reyes/sub-biophy-summed-traces-reyes_ses-006_ecephys.nwb	aind+ephys	v1.2.2	1cbdbee	0d4bf36	v0.3.27	eb8ed18b-1d19-4f1a-aeba-5fe96ff02b5d	381997610	failed	2026-09-16T14:17:15.094164-04:00	2026-09-16T14:17:15.134230-04:00	2026-09-16T14:17:17.430509-04:00	0	2	619
job-260613c63f24	001250	sub-demo-npx-bio-spont/sub-demo-npx-bio-spont_ecephys.nwb	aind+ephys	v1.2.2	1cbdbee	7940dfd	v0.3.34	e011435f-108b-43a1-b6e7-a021b36d901c	1240528744	failed	2026-09-18T00:17:31.667056-04:00	2026-09-18T00:17:32.460979-04:00	2026-09-18T00:17:33.722906-04:00	1	1	129
job-260910c63f24	001250	sub-demo-npx-bio-spont/sub-demo-npx-bio-spont_ecephys.nwb	aind+ephys	v1.2.2	1cbdbee	7940dfd	v0.3.34	e011435f-108b-43a1-b6e7-a021b36d901c	1240528744	failed	2026-09-16T14:17:19.042745-04:00	2026-09-16T14:17:18.944583-04:00	2026-09-16T14:17:22.055347-04:00	0	3	129
job-26092580a5ce	001250	sub-mearec-synthetics-s2/sub-mearec-synthetics-s2_ecephys.nwb	aind+ephys	1.3.3	4e89ec7	7940dfd	v0.9.3	8c9b4528-1130-450d-9b62-1ed8555d3359	29558355432	failed	2026-09-27T11:45:59.511421-04:00	2026-09-27T11:45:59.911408-04:00	2026-09-27T11:46:02.145979-04:00	0	2	348
job-2607281016dc	001250	sub-npx-evoked-sf-40Hz-fitted/sub-npx-evoked-sf-40Hz-fitted_ecephys.nwb	aind+ephys	v1.2.4	1cbdbee	7940dfd	v0.3.49	69498f8f-9d32-4b30-9069-8b51f4a073a2	34522230336	failed	2026-09-18T00:17:36.412220-04:00	2026-09-18T00:17:37.184213-04:00	2026-09-18T00:17:38.586456-04:00	1	1	4933
job-2609101016dc	001250	sub-npx-evoked-sf-40Hz-fitted/sub-npx-evoked-sf-40Hz-fitted_ecephys.nwb	aind+ephys	v1.2.4	1cbdbee	7940dfd	v0.3.49	69498f8f-9d32-4b30-9069-8b51f4a073a2	34522230336	failed	2026-09-16T14:17:23.451272-04:00	2026-09-16T14:17:23.395684-04:00	2026-09-16T14:17:25.528578-04:00	0	2	4933
job-260925411b5a	001250	sub-vivo-horvath-depth-1/sub-vivo-horvath-depth-1_ecephys.nwb	aind+ephys	1.3.3	4e89ec7	7940dfd	v0.9.3	10ac1a40-6918-4eea-b80c-d887bad92ae9	13607309214	failed	2026-09-27T11:46:11.685785-04:00	2026-09-27T11:46:12.225921-04:00	2026-09-27T11:46:13.691118-04:00	1	1	377
job-260910c8c88b	001250	sub-vivo-horvath-depth-2/sub-vivo-horvath-depth-2_ecephys.nwb	aind+ephys	v1.2.2	1cbdbee	0d4bf36	v0.3.25	4d2875ba-d83b-44d5-9036-74f42e19e8a0	14047634164	failed	2026-09-16T14:17:27.076312-04:00	2026-09-16T14:17:26.994688-04:00	2026-09-16T14:17:30.250196-04:00	0	3	429
job-260928f2fc50	001250	sub-vivo-marques-smith/sub-vivo-marques-smith_ecephys.nwb	aind+ephys	1.3.3	440c8c2	ccc54dc	v0.9.7	109db6a7-500b-4e59-83ca-8422c27137cf	10227211537	pending	2026-09-28T10:55:33.150745-04:00					
job-260622004313	001275	sub-amadeus/sub-amadeus_ses-06242019_ecephys.nwb	aind+ephys	v1.2.4	1cbdbee	7940dfd	v0.3.43	53b1bd08-3477-4d54-99f3-eadfca799842	16449265001	failed	2026-09-18T00:17:43.288918-04:00	2026-09-18T00:17:44.436398-04:00	2026-09-18T00:17:45.837074-04:00	1	1	3343
job-260627004313	001275	sub-amadeus/sub-amadeus_ses-06242019_ecephys.nwb	aind+ephys	v1.2.4	1cbdbee	7940dfd	v0.3.43	53b1bd08-3477-4d54-99f3-eadfca799842	16449265001	failed	2026-09-18T00:17:47.125613-04:00	2026-09-18T00:17:47.188435-04:00	2026-09-18T00:17:48.967631-04:00	0	2	3939
job-260910cf3caa	001275	sub-amadeus/sub-amadeus_ses-06302020_ecephys.nwb	aind+ephys	v1.2.2	1cbdbee	7940dfd	v0.3.28	61134bbd-cbb1-49fa-9708-b07feead27c9	34953786502	failed	2026-09-16T14:17:34.872183-04:00	2026-09-16T14:17:36.554661-04:00	2026-09-16T14:17:38.360569-04:00	2	2	2044
job-260627bba76e	001275	sub-amadeus/sub-amadeus_ses-07032020_ecephys.nwb	aind+ephys	v1.2.4	1cbdbee	7940dfd	v0.3.43	3d97c766-3db7-498a-aa67-79f486f4d41a	40493745977	failed	2026-09-18T00:17:53.587814-04:00	2026-09-18T00:17:54.960964-04:00	2026-09-18T00:17:56.250300-04:00	1	1	34032
job-260910bba76e	001275	sub-amadeus/sub-amadeus_ses-07032020_ecephys.nwb	aind+ephys	v1.2.4	1cbdbee	7940dfd	v0.3.43	3d97c766-3db7-498a-aa67-79f486f4d41a	40493745977	failed	2026-09-16T14:17:39.905075-04:00	2026-09-16T14:17:40.043761-04:00	2026-09-16T14:17:43.344352-04:00	0	3	34032
job-260621161b36	001275	sub-amadeus/sub-amadeus_ses-07082020_ecephys.nwb	aind+ephys	v1.2.4	1cbdbee	7940dfd	v0.3.42	a042b339-5389-4abd-a826-66a2c6aac386	32278704460	failed	2026-09-18T00:17:59.049410-04:00	2026-09-18T00:17:59.833717-04:00	2026-09-18T00:18:00.491936-04:00	1	1	
job-260622161b36	001275	sub-amadeus/sub-amadeus_ses-07082020_ecephys.nwb	aind+ephys	v1.2.4	1cbdbee	7940dfd	v0.3.42	a042b339-5389-4abd-a826-66a2c6aac386	32278704460	failed	2026-09-18T00:18:02.425202-04:00	2026-09-18T00:18:02.350589-04:00	2026-09-18T00:18:03.978403-04:00	0	2	
job-260622161b36-2	001275	sub-amadeus/sub-amadeus_ses-07082020_ecephys.nwb	aind+ephys	v1.2.4	1cbdbee	7940dfd	v0.3.43	a042b339-5389-4abd-a826-66a2c6aac386	32278704460	failed	2026-09-18T00:18:05.389410-04:00	2026-09-18T00:18:05.365548-04:00	2026-09-18T00:18:07.116904-04:00	0	2	5006
job-260623161b36	001275	sub-amadeus/sub-amadeus_ses-07082020_ecephys.nwb	aind+ephys	v1.2.4	1cbdbee	7940dfd	v0.3.43	a042b339-5389-4abd-a826-66a2c6aac386	32278704460	failed	2026-09-18T00:18:07.975581-04:00	2026-09-18T00:18:08.685040-04:00	2026-09-18T00:18:09.934598-04:00	1	1	30644
job-260628161b36	001275	sub-amadeus/sub-amadeus_ses-07082020_ecephys.nwb	aind+ephys	v1.2.4	1cbdbee	7940dfd	v0.3.43	a042b339-5389-4abd-a826-66a2c6aac386	32278704460	failed	2026-09-18T00:18:11.127991-04:00	2026-09-18T00:18:11.151749-04:00	2026-09-18T00:18:13.353096-04:00	0	2	12372
job-260628161b36-2	001275	sub-amadeus/sub-amadeus_ses-07082020_ecephys.nwb	aind+ephys	v1.2.4	1cbdbee	7940dfd	v0.3.43	a042b339-5389-4abd-a826-66a2c6aac386	32278704460	failed	2026-09-18T00:18:14.776528-04:00	2026-09-18T00:18:14.726929-04:00	2026-09-18T00:18:16.089468-04:00	0	1	11263
job-2609107226bb	001275	sub-mahler/sub-mahler_ses-03122021_ecephys.nwb	aind+ephys	v1.2.2	1cbdbee	7940dfd	v0.3.28	872dac61-86c7-4a4c-8e28-cb3ad271ceed	198883798108	failed	2026-09-16T14:17:55.076511-04:00	2026-09-16T14:17:56.906039-04:00	2026-09-16T14:17:58.661443-04:00	2	2	29489
job-260925d71f6c	001275	sub-mahler/sub-mahler_ses-03152021_ecephys.nwb	aind+ephys	1.3.3	4e89ec7	7940dfd	v0.9.5	b9070d48-4e64-4081-bbdb-5a189f3ba380	244647221011	failed	2026-09-27T11:46:22.773571-04:00	2026-09-27T11:46:23.120118-04:00	2026-09-27T11:46:24.838483-04:00	0	2	7803
job-260910ca9b9b	001275	sub-mahler/sub-mahler_ses-03182021_ecephys.nwb	aind+ephys	v1.2.2	1cbdbee	7940dfd	v0.3.28	b10f747a-5303-48ad-9fe5-85b0be81adf1	287760193141	failed	2026-09-16T14:18:00.348872-04:00	2026-09-16T14:18:00.307805-04:00	2026-09-16T14:18:04.855331-04:00	0	5	9149
job-26092471f108	001275	sub-mahler/sub-mahler_ses-03182021_ecephys.nwb	aind+ephys	1.3.3	4e89ec7	7940dfd	v0.9.1	b10f747a-5303-48ad-9fe5-85b0be81adf1	287760193141	failed	2026-09-24T21:26:00.999455-04:00	2026-09-24T21:26:01.350206-04:00	2026-09-24T21:26:03.888072-04:00	0	3	0
job-26092671f108	001275	sub-mahler/sub-mahler_ses-03182021_ecephys.nwb	aind+ephys	1.3.3	4e89ec7	7940dfd	v0.9.5	b10f747a-5303-48ad-9fe5-85b0be81adf1	287760193141	failed	2026-09-27T11:46:34.109950-04:00	2026-09-27T11:46:34.678649-04:00	2026-09-27T11:46:36.215590-04:00	1	2	6459
job-26091064b3b2	001275	sub-mahler/sub-mahler_ses-03192021_ecephys.nwb	aind+ephys	v1.2.2	1cbdbee	7940dfd	v0.3.28	014c466f-e6d4-4756-8fc3-737023fa38cb	274474539111	failed	2026-09-16T14:18:06.309768-04:00	2026-09-16T14:18:06.348820-04:00	2026-09-16T14:18:08.895849-04:00	0	3	8554
job-260925520e51	001275	sub-mahler/sub-mahler_ses-03192021_ecephys.nwb	lfp	v0.9.5	2f6768c		v0.9.5	014c466f-e6d4-4756-8fc3-737023fa38cb	274474539111	stalled	2026-09-27T12:35:19.008090-04:00	2026-09-27T12:35:18.977919-04:00		0		
job-260925e6b7e0	001280	sub-arthur/sub-arthur_behavior+ecephys+image.nwb	lfp	v0.9.5	2f6768c		v0.9.5	c1f8817a-bc7c-4a2e-93f0-9ce461509343	208847411314	stalled	2026-09-27T12:35:27.394947-04:00	2026-09-27T12:35:27.372039-04:00		0		
job-260621f5e850	001282	sub-C/sub-C_ses-20220121T133754_ecephys.nwb	aind+ephys	v1.2.4	1cbdbee	7940dfd	v0.3.42	dcc3e626-6ae1-44c6-a718-d6e96f056a34	29215221246	failed	2026-09-18T00:18:27.920208-04:00	2026-09-18T00:18:29.242862-04:00	2026-09-18T00:18:29.269399-04:00	1	0	
job-260622f5e850	001282	sub-C/sub-C_ses-20220121T133754_ecephys.nwb	aind+ephys	v1.2.4	1cbdbee	7940dfd	v0.3.42	dcc3e626-6ae1-44c6-a718-d6e96f056a34	29215221246	failed	2026-09-18T00:18:30.681245-04:00	2026-09-18T00:18:30.810868-04:00	2026-09-18T00:18:32.027494-04:00	0	1	
job-260628f5e850	001282	sub-C/sub-C_ses-20220121T133754_ecephys.nwb	aind+ephys	v1.2.4	1cbdbee	7940dfd	v0.3.46	dcc3e626-6ae1-44c6-a718-d6e96f056a34	29215221246	failed	2026-09-18T00:18:33.306474-04:00	2026-09-18T00:18:33.406511-04:00	2026-09-18T00:18:34.840260-04:00	0	1	30840
job-260628f5e850-2	001282	sub-C/sub-C_ses-20220121T133754_ecephys.nwb	aind+ephys	v1.2.4	1cbdbee	7940dfd	v0.3.46	dcc3e626-6ae1-44c6-a718-d6e96f056a34	29215221246	stalled	2026-09-18T00:18:36.263407-04:00	2026-09-18T00:18:37.764610-04:00		2		
job-260628f5e850-3	001282	sub-C/sub-C_ses-20220121T133754_ecephys.nwb	aind+ephys	v1.2.4	1cbdbee	7940dfd	v0.3.46	dcc3e626-6ae1-44c6-a718-d6e96f056a34	29215221246	failed	2026-09-18T00:18:39.087394-04:00	2026-09-18T00:18:39.047082-04:00	2026-09-18T00:18:40.752062-04:00	0	2	27327
job-260628f5e850-4	001282	sub-C/sub-C_ses-20220121T133754_ecephys.nwb	aind+ephys	v1.2.4	1cbdbee	7940dfd	v0.3.46	dcc3e626-6ae1-44c6-a718-d6e96f056a34	29215221246	failed	2026-09-18T00:18:41.921463-04:00	2026-09-18T00:18:42.487216-04:00	2026-09-18T00:18:44.721980-04:00	1	2	24857
job-260629f5e850	001282	sub-C/sub-C_ses-20220121T133754_ecephys.nwb	aind+ephys	v1.2.4	1cbdbee	7940dfd	v0.3.46	dcc3e626-6ae1-44c6-a718-d6e96f056a34	29215221246	stalled	2026-09-18T00:18:46.019656-04:00	2026-09-18T00:18:45.976934-04:00		0		
job-260925f761c4	001282	sub-C/sub-C_ses-20220218T140109_ecephys.nwb	aind+ephys	1.3.3	4e89ec7	7940dfd	v0.9.5	0b34330d-2c83-4f10-b294-9aabe6004bb9	29788831611	failed	2026-09-27T11:46:45.623686-04:00	2026-09-27T11:46:46.204339-04:00	2026-09-27T11:46:47.594429-04:00	1	1	188
job-260928df3c7a	001282	sub-C/sub-C_ses-20220218T140109_ecephys.nwb	aind+ephys	1.3.3	440c8c2	ccc54dc	v0.9.7	0b34330d-2c83-4f10-b294-9aabe6004bb9	29788831611	pending	2026-09-28T10:55:41.428708-04:00					
job-26071339678b	001336	sub-BO14/sub-BO14_ses-BO14-W5D1-062524-30uA_ecephys.nwb	aind+ephys	v1.2.4	1cbdbee	7940dfd	v0.3.49	5bc42aed-432b-4f10-ba9f-1c7376d344de	3689063320	failed	2026-09-18T00:18:52.522545-04:00	2026-09-18T00:18:53.162548-04:00	2026-09-18T00:18:55.151315-04:00	1	2	123
job-26091039678b	001336	sub-BO14/sub-BO14_ses-BO14-W5D1-062524-30uA_ecephys.nwb	aind+ephys	v1.2.4	1cbdbee	7940dfd	v0.3.49	5bc42aed-432b-4f10-ba9f-1c7376d344de	3689063320	failed	2026-09-16T14:18:21.123726-04:00	2026-09-16T14:18:22.787468-04:00	2026-09-16T14:18:24.674190-04:00	2	2	123
job-260611ae7a47	001336	sub-BO14/sub-BO14_ses-BO14-W5D1-062524-50uA_ecephys.nwb	aind+ephys	v1.2.2	1cbdbee	0d4bf36	v0.3.27	b664f003-7b70-45a5-a3fa-6e28f510cf71	3694829176	failed	2026-09-18T00:18:58.057609-04:00	2026-09-18T00:18:59.322651-04:00	2026-09-18T00:19:00.834670-04:00	1	2	541
job-260910ae7a47	001336	sub-BO14/sub-BO14_ses-BO14-W5D1-062524-50uA_ecephys.nwb	aind+ephys	v1.2.2	1cbdbee	0d4bf36	v0.3.27	b664f003-7b70-45a5-a3fa-6e28f510cf71	3694829176	failed	2026-09-16T14:18:26.400150-04:00	2026-09-16T14:18:26.377612-04:00	2026-09-16T14:18:29.931375-04:00	0	4	541
job-260711aa7d7b	001336	sub-BO14/sub-BO14_ses-BO14-W5D1-062524-5uA_ecephys.nwb	aind+ephys	v1.2.4	1cbdbee	7940dfd	v0.3.49	e09f9670-8629-48a8-86cc-ddbfed077555	3687751024	failed	2026-09-18T00:19:03.827981-04:00	2026-09-18T00:19:05.462658-04:00	2026-09-18T00:19:06.894475-04:00	2	1	69
job-260722aa7d7b	001336	sub-BO14/sub-BO14_ses-BO14-W5D1-062524-5uA_ecephys.nwb	aind+ephys	v1.2.4	1cbdbee	7940dfd	v0.3.49	e09f9670-8629-48a8-86cc-ddbfed077555	3687751024	failed	2026-09-18T00:19:08.091446-04:00	2026-09-18T00:19:08.105013-04:00	2026-09-18T00:19:09.597058-04:00	0	1	189
job-2606112f6125	001336	sub-BO2/sub-BO2_ses-BO2-W1Stim-111723-60uA233uS_ecephys.nwb	aind+ephys	v1.2.2	1cbdbee	7940dfd	v0.3.28	a3b4a5ee-4205-451b-8512-5e9a49ebc036	112908632	failed	2026-09-18T00:19:12.697851-04:00	2026-09-18T00:19:13.014915-04:00	2026-09-18T00:19:14.824345-04:00	0	2	159
job-2609102f6125	001336	sub-BO2/sub-BO2_ses-BO2-W1Stim-111723-60uA233uS_ecephys.nwb	aind+ephys	v1.2.2	1cbdbee	7940dfd	v0.3.28	a3b4a5ee-4205-451b-8512-5e9a49ebc036	112908632	failed	2026-09-16T14:18:34.291195-04:00	2026-09-16T14:18:35.949381-04:00	2026-09-16T14:18:37.522812-04:00	2	2	159
job-260718b27736	001336	sub-SO1/sub-SO1_ses-SO1-230622-PreStim_ecephys.nwb	aind+ephys	v1.2.4	1cbdbee	7940dfd	v0.3.49	5b9121d6-b317-4b9e-a83f-70fdd7a380d7	432243928	failed	2026-09-18T00:19:17.470333-04:00	2026-09-18T00:19:18.854851-04:00	2026-09-18T00:19:20.014465-04:00	1	1	34
job-260910b27736	001336	sub-SO1/sub-SO1_ses-SO1-230622-PreStim_ecephys.nwb	aind+ephys	v1.2.4	1cbdbee	7940dfd	v0.3.49	5b9121d6-b317-4b9e-a83f-70fdd7a380d7	432243928	failed	2026-09-16T14:18:39.316336-04:00	2026-09-16T14:18:39.384405-04:00	2026-09-16T14:18:42.423060-04:00	0	3	34
job-2606113a2728	001336	sub-SO1/sub-SO1_ses-SO1-230629-PostStim_ecephys.nwb	aind+ephys	v1.2.2	1cbdbee	7940dfd	v0.3.28	d7e5687b-6ccd-4c02-8e1d-5c6998d80a52	389580568	failed	2026-09-18T00:19:22.767056-04:00	2026-09-18T00:19:23.238219-04:00	2026-09-18T00:19:24.970223-04:00	0	2	159
job-2609103a2728	001336	sub-SO1/sub-SO1_ses-SO1-230629-PostStim_ecephys.nwb	aind+ephys	v1.2.2	1cbdbee	7940dfd	v0.3.28	d7e5687b-6ccd-4c02-8e1d-5c6998d80a52	389580568	failed	2026-09-16T14:18:44.093733-04:00	2026-09-16T14:18:43.905055-04:00	2026-09-16T14:18:45.389900-04:00	0	1	159
job-2606110da5a3	001336	sub-SO1/sub-SO1_ses-SO1-230629-PreStim_ecephys.nwb	aind+ephys	v1.2.2	1cbdbee	7940dfd	v0.3.28	31e88bfa-9ab4-4a3e-b5c7-ed1ea94014de	475435960	failed	2026-09-18T00:19:27.754310-04:00	2026-09-18T00:19:28.799372-04:00	2026-09-18T00:19:30.180238-04:00	1	1	504
job-2609100da5a3	001336	sub-SO1/sub-SO1_ses-SO1-230629-PreStim_ecephys.nwb	aind+ephys	v1.2.2	1cbdbee	7940dfd	v0.3.28	31e88bfa-9ab4-4a3e-b5c7-ed1ea94014de	475435960	failed	2026-09-16T14:18:47.005942-04:00	2026-09-16T14:18:46.973452-04:00	2026-09-16T14:18:49.955093-04:00	0	3	504
job-26071774e504	001336	sub-SO1/sub-SO1_ses-SO1-230706-PreStim_ecephys.nwb	aind+ephys	v1.2.4	1cbdbee	7940dfd	v0.3.49	f986b674-a518-42b3-b5d6-65415e1ba9b8	304078136	failed	2026-09-18T00:19:33.284558-04:00	2026-09-18T00:19:33.379096-04:00	2026-09-18T00:19:35.387584-04:00	0	2	131
job-26091074e504	001336	sub-SO1/sub-SO1_ses-SO1-230706-PreStim_ecephys.nwb	aind+ephys	v1.2.4	1cbdbee	7940dfd	v0.3.49	f986b674-a518-42b3-b5d6-65415e1ba9b8	304078136	failed	2026-09-16T14:18:51.747635-04:00	2026-09-16T14:18:51.898792-04:00	2026-09-16T14:18:53.396386-04:00	0	1	131
job-2607272e35e4	001336	sub-SO1/sub-SO1_ses-SO1-230718-WestPreStim_ecephys.nwb	aind+ephys	v1.2.4	1cbdbee	7940dfd	v0.3.49	f1895393-db5c-4583-b3bb-77b302b5bfe0	218299464	failed	2026-09-18T00:19:38.231275-04:00	2026-09-18T00:19:39.044838-04:00	2026-09-18T00:19:40.519816-04:00	1	1	30
job-2609102e35e4	001336	sub-SO1/sub-SO1_ses-SO1-230718-WestPreStim_ecephys.nwb	aind+ephys	v1.2.4	1cbdbee	7940dfd	v0.3.49	f1895393-db5c-4583-b3bb-77b302b5bfe0	218299464	failed	2026-09-16T14:18:55.339609-04:00	2026-09-16T14:18:55.456222-04:00	2026-09-16T14:18:58.539194-04:00	0	3	30
job-26071792e47b	001363	sub-BH589/sub-BH589_ses-20240827T171808_ecephys.nwb	aind+ephys	v1.2.4	1cbdbee	7940dfd	v0.3.49	36a5b787-4b1a-46ff-98db-0cfa03ee9e71	4134460736	failed	2026-09-18T00:19:43.413160-04:00	2026-09-18T00:19:44.701615-04:00	2026-09-18T00:19:45.815530-04:00	1	1	132
job-26091092e47b	001363	sub-BH589/sub-BH589_ses-20240827T171808_ecephys.nwb	aind+ephys	v1.2.4	1cbdbee	7940dfd	v0.3.49	36a5b787-4b1a-46ff-98db-0cfa03ee9e71	4134460736	failed	2026-09-16T14:19:00.656079-04:00	2026-09-16T14:19:00.804778-04:00	2026-09-16T14:19:03.198534-04:00	0	2	132
job-260713fe5943	001363	sub-BH625/sub-BH625_ses-20241206T171750_ecephys.nwb	aind+ephys	v1.2.4	1cbdbee	7940dfd	v0.3.49	dcb3a977-8bab-4f24-ad13-d6a12c64c4c9	3191790912	failed	2026-09-18T00:19:48.788110-04:00	2026-09-18T00:19:49.834553-04:00	2026-09-18T00:19:51.247912-04:00	1	1	124
job-260910fe5943	001363	sub-BH625/sub-BH625_ses-20241206T171750_ecephys.nwb	aind+ephys	v1.2.4	1cbdbee	7940dfd	v0.3.49	dcb3a977-8bab-4f24-ad13-d6a12c64c4c9	3191790912	failed	2026-09-16T14:19:05.091727-04:00	2026-09-16T14:19:06.963871-04:00	2026-09-16T14:19:08.867195-04:00	2	2	124
job-26061142703b	001363	sub-BH625/sub-BH625_ses-20241206T193900_ecephys.nwb	aind+ephys	v1.2.2	1cbdbee	7940dfd	v0.3.28	b8cbf333-5088-4d26-9e1f-81342d920a79	3159809344	failed	2026-09-18T00:19:54.309293-04:00	2026-09-18T00:19:54.399564-04:00	2026-09-18T00:19:56.637734-04:00	0	2	321
job-26091042703b	001363	sub-BH625/sub-BH625_ses-20241206T193900_ecephys.nwb	aind+ephys	v1.2.2	1cbdbee	7940dfd	v0.3.28	b8cbf333-5088-4d26-9e1f-81342d920a79	3159809344	failed	2026-09-16T14:19:10.423413-04:00	2026-09-16T14:19:10.360846-04:00	2026-09-16T14:19:14.089728-04:00	0	4	321
job-2607133abb71	001363	sub-BH625/sub-BH625_ses-20241206T211421_ecephys.nwb	aind+ephys	v1.2.4	1cbdbee	7940dfd	v0.3.49	ec5cec1f-1730-40f4-a3e5-800519ddf703	3145653568	failed	2026-09-18T00:19:59.178679-04:00	2026-09-18T00:19:59.854561-04:00	2026-09-18T00:20:01.064012-04:00	1	1	284
job-2609103abb71	001363	sub-BH625/sub-BH625_ses-20241206T211421_ecephys.nwb	aind+ephys	v1.2.4	1cbdbee	7940dfd	v0.3.49	ec5cec1f-1730-40f4-a3e5-800519ddf703	3145653568	failed	2026-09-16T14:19:16.017392-04:00	2026-09-16T14:19:15.974845-04:00	2026-09-16T14:19:17.865506-04:00	0	2	284
job-260711e25227	001363	sub-BH627/sub-BH627_ses-20250124T214032_ecephys.nwb	aind+ephys	v1.2.4	1cbdbee	7940dfd	v0.3.49	1ac09a5c-14c1-4af7-997b-2c7e769ae492	3150110016	failed	2026-09-18T00:20:03.773227-04:00	2026-09-18T00:20:04.663998-04:00	2026-09-18T00:20:05.812748-04:00	1	1	69
job-260910e25227	001363	sub-BH627/sub-BH627_ses-20250124T214032_ecephys.nwb	aind+ephys	v1.2.4	1cbdbee	7940dfd	v0.3.49	1ac09a5c-14c1-4af7-997b-2c7e769ae492	3150110016	failed	2026-09-16T14:19:19.739646-04:00	2026-09-16T14:19:19.762673-04:00	2026-09-16T14:19:23.467433-04:00	0	4	69
job-2607105fe8d6	001363	sub-BH627/sub-BH627_ses-20250124T221554_ecephys.nwb	aind+ephys	v1.2.4	1cbdbee	7940dfd	v0.3.49	ebfcd7ed-fc69-4ac0-8369-9c241d66fcc3	3143294272	failed	2026-09-18T00:20:08.583906-04:00	2026-09-18T00:20:09.375410-04:00	2026-09-18T00:20:10.782211-04:00	1	1	129
job-2609105fe8d6	001363	sub-BH627/sub-BH627_ses-20250124T221554_ecephys.nwb	aind+ephys	v1.2.4	1cbdbee	7940dfd	v0.3.49	ebfcd7ed-fc69-4ac0-8369-9c241d66fcc3	3143294272	failed	2026-09-16T14:19:25.137162-04:00	2026-09-16T14:19:25.237301-04:00	2026-09-16T14:19:27.486426-04:00	0	2	129
job-260611eacaa5	001363	sub-BH633/sub-BH633_ses-20250131T184547_ecephys.nwb	aind+ephys	v1.2.2	1cbdbee	7940dfd	v0.3.28	fe9b4a3e-1092-47a1-a807-6ecfc0a92b16	3163479360	failed	2026-09-18T00:20:13.461481-04:00	2026-09-18T00:20:14.014220-04:00	2026-09-18T00:20:15.353624-04:00	1	1	351
job-260910eacaa5	001363	sub-BH633/sub-BH633_ses-20250131T184547_ecephys.nwb	aind+ephys	v1.2.2	1cbdbee	7940dfd	v0.3.28	fe9b4a3e-1092-47a1-a807-6ecfc0a92b16	3163479360	failed	2026-09-16T14:19:28.610320-04:00	2026-09-16T14:19:30.339181-04:00	2026-09-16T14:19:32.090114-04:00	2	2	351
job-260726de7fc2	001363	sub-BH633/sub-BH633_ses-20250131T192045_ecephys.nwb	aind+ephys	v1.2.4	1cbdbee	7940dfd	v0.3.49	516c5856-84e7-44a9-84b9-df2db3ca1abb	3636387136	failed	2026-09-18T00:20:17.900384-04:00	2026-09-18T00:20:18.670927-04:00	2026-09-18T00:20:19.783109-04:00	1	1	34
job-260910de7fc2	001363	sub-BH633/sub-BH633_ses-20250131T192045_ecephys.nwb	aind+ephys	v1.2.4	1cbdbee	7940dfd	v0.3.49	516c5856-84e7-44a9-84b9-df2db3ca1abb	3636387136	failed	2026-09-16T14:19:33.647243-04:00	2026-09-16T14:19:33.712353-04:00	2026-09-16T14:19:37.218620-04:00	0	4	34
job-260611d66c8d	001363	sub-BH643/sub-BH643_ses-20241220T204916_ecephys.nwb	aind+ephys	v1.2.2	1cbdbee	0d4bf36	v0.3.25	22313f02-6328-4922-afce-acf24c0c564f	3139099968	failed	2026-09-18T00:20:22.597458-04:00	2026-09-18T00:20:22.878704-04:00	2026-09-18T00:20:24.278502-04:00	0	1	565
job-260910d66c8d	001363	sub-BH643/sub-BH643_ses-20241220T204916_ecephys.nwb	aind+ephys	v1.2.2	1cbdbee	0d4bf36	v0.3.25	22313f02-6328-4922-afce-acf24c0c564f	3139099968	failed	2026-09-16T14:19:39.031584-04:00	2026-09-16T14:19:39.131703-04:00	2026-09-16T14:19:41.393758-04:00	0	2	565
job-260710276d0b	001363	sub-BH643/sub-BH643_ses-20241220T214216_ecephys.nwb	aind+ephys	v1.2.4	1cbdbee	7940dfd	v0.3.49	e1f2dbce-35e3-499e-955d-8e5fb7915479	3131235648	failed	2026-09-18T00:20:26.912290-04:00	2026-09-18T00:20:27.799914-04:00	2026-09-18T00:20:29.203549-04:00	1	1	214
job-260710276d0b-2	001363	sub-BH643/sub-BH643_ses-20241220T214216_ecephys.nwb	aind+ephys	v1.2.4	1cbdbee	7940dfd	v0.3.49	e1f2dbce-35e3-499e-955d-8e5fb7915479	3131235648	failed	2026-09-18T00:20:30.487085-04:00	2026-09-18T00:20:30.473839-04:00	2026-09-18T00:20:32.043221-04:00	0	2	189
job-2606118d0162	001371	sub-S20/sub-S20_ses-S20-210512_behavior+ecephys.nwb	aind+ephys	v1.2.2	1cbdbee	7940dfd	v0.3.28	b3fc2802-2060-423d-96e7-620cfba220b9	187126107584	failed	2026-09-18T00:20:34.871250-04:00	2026-09-18T00:20:36.256780-04:00	2026-09-18T00:20:37.421365-04:00	1	1	193
job-2609108d0162	001371	sub-S20/sub-S20_ses-S20-210512_behavior+ecephys.nwb	aind+ephys	v1.2.2	1cbdbee	7940dfd	v0.3.28	b3fc2802-2060-423d-96e7-620cfba220b9	187126107584	failed	2026-09-16T14:19:47.212503-04:00	2026-09-16T14:19:47.233528-04:00	2026-09-16T14:19:50.527704-04:00	0	3	193
job-260611a48576	001371	sub-S34/sub-S34_ses-S34-220616_behavior+ecephys.nwb	aind+ephys	v1.2.2	1cbdbee	7940dfd	v0.3.28	4d308d0e-5503-448a-a5ff-8269277be9f2	171701134323	failed	2026-09-18T00:20:40.219674-04:00	2026-09-18T00:20:40.822444-04:00	2026-09-18T00:20:41.995024-04:00	1	1	129
job-260910a48576	001371	sub-S34/sub-S34_ses-S34-220616_behavior+ecephys.nwb	aind+ephys	v1.2.2	1cbdbee	7940dfd	v0.3.28	4d308d0e-5503-448a-a5ff-8269277be9f2	171701134323	failed	2026-09-16T14:19:52.404431-04:00	2026-09-16T14:19:52.425957-04:00	2026-09-16T14:19:54.141790-04:00	0	2	129
job-2609254f1058	001371	sub-S34/sub-S34_ses-S34-220620_behavior+ecephys.nwb	lfp	v0.9.5	2f6768c		v0.9.5	e9ed09a1-db53-4c3f-9c2b-dfa3a54ed086	135659963853	stalled	2026-09-27T12:35:35.633189-04:00	2026-09-27T12:35:35.611067-04:00		0		
job-2606210da743	001374	sub-001/sub-001_ses-20250502_obj-22710iiiKH2iiid48iii06iii21iii2024iiidorsaliiipasca_ecephys.nwb	aind+ephys	v1.2.4	1cbdbee	7940dfd	v0.3.42	4a0d3111-7020-4163-bf78-0ecee551a6d3	2041565817	failed	2026-09-18T00:20:44.901637-04:00	2026-09-18T00:20:46.216889-04:00	2026-09-18T00:20:46.175173-04:00	1	0	
job-2609100da743	001374	sub-001/sub-001_ses-20250502_obj-22710iiiKH2iiid48iii06iii21iii2024iiidorsaliiipasca_ecephys.nwb	aind+ephys	v1.2.4	1cbdbee	7940dfd	v0.3.42	4a0d3111-7020-4163-bf78-0ecee551a6d3	2041565817	failed	2026-09-16T14:19:55.809636-04:00	2026-09-16T14:19:55.895751-04:00	2026-09-16T14:19:57.750395-04:00	0	2	
job-26092588868f	001374	sub-001/sub-001_ses-20250502_obj-23120iiiKH2iiiD28iii05iii07iii2024iiidorsaliiipasca_ecephys.nwb	aind+ephys	1.3.3	4e89ec7	7940dfd	v0.9.3	079903a9-4da6-4c54-b31b-859f1be2b4cc	3453970644	failed	2026-09-27T11:46:57.127418-04:00	2026-09-27T11:46:57.475586-04:00	2026-09-27T11:46:58.857286-04:00	0	1	398
job-260705c141c2	001374	sub-001/sub-001_ses-20250502_obj-23124iiiKH2iiid35iii5iii14iii2024iiidorsaliiipasca_ecephys.nwb	aind+ephys	v1.2.4	1cbdbee	7940dfd	v0.3.46	425cff4d-57e1-4eb2-a7f7-bb3bff8f2cef	8603674633	failed	2026-09-18T00:20:48.880559-04:00	2026-09-18T00:20:49.832558-04:00	2026-09-18T00:20:50.923140-04:00	1	1	1070
job-260910c141c2	001374	sub-001/sub-001_ses-20250502_obj-23124iiiKH2iiid35iii5iii14iii2024iiidorsaliiipasca_ecephys.nwb	aind+ephys	v1.2.4	1cbdbee	7940dfd	v0.3.46	425cff4d-57e1-4eb2-a7f7-bb3bff8f2cef	8603674633	failed	2026-09-16T14:19:59.427751-04:00	2026-09-16T14:19:59.470820-04:00	2026-09-16T14:20:03.839866-04:00	0	4	1070
job-260621a60abc	001374	sub-001/sub-001_ses-20250502_obj-23137iiiE14iiid52iii5iii31iii2024iiidorsaliiipasca_ecephys.nwb	aind+ephys	v1.2.4	1cbdbee	7940dfd	v0.3.42	55fb6620-cca2-438e-9d95-54419abe70d2	8404030898	failed	2026-09-18T00:20:53.860988-04:00	2026-09-18T00:20:54.306147-04:00	2026-09-18T00:20:54.977550-04:00	0	1	
job-260910a60abc	001374	sub-001/sub-001_ses-20250502_obj-23137iiiE14iiid52iii5iii31iii2024iiidorsaliiipasca_ecephys.nwb	aind+ephys	v1.2.4	1cbdbee	7940dfd	v0.3.42	55fb6620-cca2-438e-9d95-54419abe70d2	8404030898	failed	2026-09-16T14:20:05.803732-04:00	2026-09-16T14:20:05.846789-04:00	2026-09-16T14:20:07.438998-04:00	0	2	
job-2606112bc9fd	001374	sub-001/sub-001_ses-20250502_obj-23141iiiC57BL6iiid38iii6iii10iii2024iiidorsaliiipasca_ecephys.nwb	aind+ephys	v1.2.2	1cbdbee	7940dfd	v0.3.28	3b4e8c06-ef62-461b-949a-1576bcff07cd	8588753076	failed	2026-09-18T00:20:57.234099-04:00	2026-09-18T00:20:58.509277-04:00	2026-09-18T00:20:59.801534-04:00	1	1	130
job-260622382a55	001374	sub-001/sub-001_ses-20250502_obj-23141iiiC57BL6iiid38iii6iii10iii2024iiidorsaliiipasca_ecephys.nwb	aind+ephys	v1.2.4	1cbdbee	7940dfd	v0.3.43	3b4e8c06-ef62-461b-949a-1576bcff07cd	8588753076	failed	2026-09-18T00:21:00.865560-04:00	2026-09-18T00:21:00.853150-04:00	2026-09-18T00:21:03.216656-04:00	0	2	2903
job-2609102bc9fd	001374	sub-001/sub-001_ses-20250502_obj-23141iiiC57BL6iiid38iii6iii10iii2024iiidorsaliiipasca_ecephys.nwb	aind+ephys	v1.2.2	1cbdbee	7940dfd	v0.3.28	3b4e8c06-ef62-461b-949a-1576bcff07cd	8588753076	failed	2026-09-16T14:20:09.267628-04:00	2026-09-16T14:20:09.357759-04:00	2026-09-16T14:20:11.064277-04:00	0	2	130
job-260910382a55	001374	sub-001/sub-001_ses-20250502_obj-23141iiiC57BL6iiid38iii6iii10iii2024iiidorsaliiipasca_ecephys.nwb	aind+ephys	v1.2.4	1cbdbee	7940dfd	v0.3.43	3b4e8c06-ef62-461b-949a-1576bcff07cd	8588753076	failed	2026-09-16T14:20:12.810074-04:00	2026-09-16T14:20:12.874151-04:00	2026-09-16T14:20:16.442816-04:00	0	4	2903
job-26061124f2ec	001374	sub-001/sub-001_ses-20250502_obj-23141iiiC57BL6iiid45iii5iii24iii2024iiidorsaliiipasca_ecephys.nwb	aind+ephys	v1.2.2	1cbdbee	7940dfd	v0.3.34	7a753254-779d-4e98-b9f9-da6fcc207cf4	4793516909	failed	2026-09-18T00:21:08.060005-04:00	2026-09-18T00:21:09.427512-04:00	2026-09-18T00:21:10.614930-04:00	1	1	188
job-26091024f2ec	001374	sub-001/sub-001_ses-20250502_obj-23141iiiC57BL6iiid45iii5iii24iii2024iiidorsaliiipasca_ecephys.nwb	aind+ephys	v1.2.2	1cbdbee	7940dfd	v0.3.34	7a753254-779d-4e98-b9f9-da6fcc207cf4	4793516909	failed	2026-09-16T14:20:18.387564-04:00	2026-09-16T14:20:18.246852-04:00	2026-09-16T14:20:20.595396-04:00	0	2	188
job-260926e01a66	001374	sub-001/sub-001_ses-20250502_obj-23150iiiE14iiid45iii06iii18iii2024iiidorsaliiipasca_ecephys.nwb	aind+ephys	1.3.3	4e89ec7	7940dfd	v0.9.5	1c669397-0971-4e7b-a5a6-a91c01a5ee5b	8727007995	failed	2026-09-27T11:47:08.577767-04:00	2026-09-27T11:47:08.942348-04:00	2026-09-27T11:47:10.124525-04:00	0	1	224
job-2606222d4237	001374	sub-001/sub-001_ses-20250502_obj-23154iiiE14iiiD28iii05iii07iii2024iiidorsaliiipasca_ecephys.nwb	aind+ephys	v1.2.4	1cbdbee	7940dfd	v0.3.42	d12d23f2-e214-40f0-9278-07457a8e82ac	8109715784	failed	2026-09-18T00:21:13.603173-04:00	2026-09-18T00:21:13.756039-04:00	2026-09-18T00:21:14.580216-04:00	0	1	
job-2609102d4237	001374	sub-001/sub-001_ses-20250502_obj-23154iiiE14iiiD28iii05iii07iii2024iiidorsaliiipasca_ecephys.nwb	aind+ephys	v1.2.4	1cbdbee	7940dfd	v0.3.42	d12d23f2-e214-40f0-9278-07457a8e82ac	8109715784	failed	2026-09-16T14:20:21.788990-04:00	2026-09-16T14:20:23.523909-04:00	2026-09-16T14:20:23.670616-04:00	2	0	
job-2607165ed311	001374	sub-001/sub-001_ses-20250502_obj-23178iiiE14iiid45iii06iii18iii2024iiidorsaliiipasca_ecephys.nwb	aind+ephys	v1.2.4	1cbdbee	7940dfd	v0.3.49	1ec35557-249a-4dfd-a44c-b8d76adf32dc	5084774988	stalled	2026-09-18T00:21:16.584254-04:00	2026-09-18T00:21:17.268211-04:00		1		
job-2609105ed311	001374	sub-001/sub-001_ses-20250502_obj-23178iiiE14iiid45iii06iii18iii2024iiidorsaliiipasca_ecephys.nwb	aind+ephys	v1.2.4	1cbdbee	7940dfd	v0.3.49	1ec35557-249a-4dfd-a44c-b8d76adf32dc	5084774988	stalled	2026-09-16T14:20:25.289727-04:00	2026-09-16T14:20:25.872652-04:00		1		
job-260613c3e415	001374	sub-001/sub-001_ses-20250502_obj-23178iiic57bl6iiid35iii5iii14iii2024iiidorsaliiipasca_ecephys.nwb	aind+ephys	v1.2.2	1cbdbee	7940dfd	v0.3.34	bf1045ae-7e99-426a-9af7-71755dacc841	4791567154	failed	2026-09-18T00:21:19.223976-04:00	2026-09-18T00:21:20.349949-04:00	2026-09-18T00:21:21.595090-04:00	1	1	1488
job-260910c3e415	001374	sub-001/sub-001_ses-20250502_obj-23178iiic57bl6iiid35iii5iii14iii2024iiidorsaliiipasca_ecephys.nwb	aind+ephys	v1.2.2	1cbdbee	7940dfd	v0.3.34	bf1045ae-7e99-426a-9af7-71755dacc841	4791567154	failed	2026-09-16T14:20:28.872689-04:00	2026-09-16T14:20:28.956813-04:00	2026-09-16T14:20:30.705189-04:00	0	2	1488
job-26092626cf87	001374	sub-001/sub-001_ses-20250502_obj-23187iiiC57iiid48iii06iii21iii2024iiidorsaliiipasca_ecephys.nwb	lfp	v0.9.5	2f6768c		v0.9.5	851a3453-0d8f-4f1b-b6c9-896981e473d2	7447200679	stalled	2026-09-27T12:35:43.896336-04:00	2026-09-27T12:35:43.903843-04:00		0		
job-260611222e4a	001374	sub-001/sub-001_ses-20250502_obj-23187iiiE14iiid31iii5iii10iii2024iiidorsaliiipasca_ecephys.nwb	aind+ephys	v1.2.2	1cbdbee	7940dfd	v0.3.28	dc8c7710-1d78-4b14-8048-a13e35eddd65	6988268935	failed	2026-09-18T00:21:24.414070-04:00	2026-09-18T00:21:24.555733-04:00	2026-09-18T00:21:26.159134-04:00	0	2	189
job-260910222e4a	001374	sub-001/sub-001_ses-20250502_obj-23187iiiE14iiid31iii5iii10iii2024iiidorsaliiipasca_ecephys.nwb	aind+ephys	v1.2.2	1cbdbee	7940dfd	v0.3.28	dc8c7710-1d78-4b14-8048-a13e35eddd65	6988268935	failed	2026-09-16T14:20:32.316398-04:00	2026-09-16T14:20:33.094076-04:00	2026-09-16T14:20:35.512395-04:00	1	2	189
job-2606112a2eff	001374	sub-001/sub-001_ses-20250502_obj-23187iiiE14iiid38iii5iii17iii2024iiidorsaliiipasca_ecephys.nwb	aind+ephys	v1.2.2	1cbdbee	7940dfd	v0.3.28	ea0950d7-8592-49b3-b76d-35bae6d0438f	8190249021	failed	2026-09-18T00:21:29.090550-04:00	2026-09-18T00:21:30.413660-04:00	2026-09-18T00:21:31.571225-04:00	1	1	189
job-2609102a2eff	001374	sub-001/sub-001_ses-20250502_obj-23187iiiE14iiid38iii5iii17iii2024iiidorsaliiipasca_ecephys.nwb	aind+ephys	v1.2.2	1cbdbee	7940dfd	v0.3.28	ea0950d7-8592-49b3-b76d-35bae6d0438f	8190249021	failed	2026-09-16T14:20:37.484545-04:00	2026-09-16T14:20:37.506078-04:00	2026-09-16T14:20:39.839362-04:00	0	2	189
job-260718a2f4c1	001374	sub-001/sub-001_ses-20250502_obj-23215iiic57bl6iiid38iii5iii17iii2024iiidorsaliiipasca_ecephys.nwb	aind+ephys	v1.2.4	1cbdbee	7940dfd	v0.3.49	646b7f7e-67f3-46b6-bc30-770db6053c1d	8382119516	failed	2026-09-18T00:21:34.340753-04:00	2026-09-18T00:21:35.292380-04:00	2026-09-18T00:21:36.502147-04:00	1	1	803
job-260910a2f4c1	001374	sub-001/sub-001_ses-20250502_obj-23215iiic57bl6iiid38iii5iii17iii2024iiidorsaliiipasca_ecephys.nwb	aind+ephys	v1.2.4	1cbdbee	7940dfd	v0.3.49	646b7f7e-67f3-46b6-bc30-770db6053c1d	8382119516	failed	2026-09-16T14:20:41.025601-04:00	2026-09-16T14:20:42.797582-04:00	2026-09-16T14:20:44.803460-04:00	2	2	803
job-26092447c69e	001374	sub-001/sub-001_ses-20250502_obj-Traceiii20240614iii16iii47iii27iii22717iiiday61iiiventraliiikh2_ecephys.nwb	aind+ephys	1.3.3	4e89ec7	7940dfd	v0.9.1	1a1f2d76-cc84-489a-a458-f3f59f6c5958	10641579139	failed	2026-09-24T21:26:11.938482-04:00	2026-09-24T21:26:12.922328-04:00	2026-09-24T21:26:13.741407-04:00	1	1	0
job-260611d94334	001374	sub-001/sub-001_ses-20250502_obj-Traceiii20240624iii11iii00iii36iii22097iiiday73iiidorsaliiikh2iiibliiigaba_ecephys.nwb	aind+ephys	v1.2.2	1cbdbee	7940dfd	v0.3.28	f341ba21-cc03-49e4-9776-a94e88df8adf	10707335742	failed	2026-09-18T00:21:39.284778-04:00	2026-09-18T00:21:40.211348-04:00	2026-09-18T00:21:41.469282-04:00	1	1	514
job-260910d94334	001374	sub-001/sub-001_ses-20250502_obj-Traceiii20240624iii11iii00iii36iii22097iiiday73iiidorsaliiikh2iiibliiigaba_ecephys.nwb	aind+ephys	v1.2.2	1cbdbee	7940dfd	v0.3.28	f341ba21-cc03-49e4-9776-a94e88df8adf	10707335742	failed	2026-09-16T14:20:46.760336-04:00	2026-09-16T14:20:46.827909-04:00	2026-09-16T14:20:50.581881-04:00	0	4	514
job-260925de1051	001374	sub-001/sub-001_ses-20250502_obj-Traceiii20240625iii10iii39iii42iii22097iiiday74iiidorsaliiiKH2iiidmsoiiiinit_ecephys.nwb	aind+ephys	1.3.3	4e89ec7	7940dfd	v0.9.5	ec66fc14-6ecd-42c2-8494-a9c90e4dd7aa	10198962141	failed	2026-09-27T11:47:19.409758-04:00	2026-09-27T11:47:19.999004-04:00	2026-09-27T11:47:21.358875-04:00	1	1	197
job-260611b117fa	001374	sub-001/sub-001_ses-20250502_obj-Traceiii20240701iii11iii55iii53iii20264iii80iiidorsaliiikh2iiiAPViiiinit_ecephys.nwb	aind+ephys	v1.2.2	1cbdbee	7940dfd	v0.3.34	06ce8281-62ab-4cd5-b8b4-f9e4737c7aef	10738986941	failed	2026-09-18T00:21:44.132326-04:00	2026-09-18T00:21:45.313402-04:00	2026-09-18T00:21:46.554122-04:00	1	1	188
job-260910b117fa	001374	sub-001/sub-001_ses-20250502_obj-Traceiii20240701iii11iii55iii53iii20264iii80iiidorsaliiikh2iiiAPViiiinit_ecephys.nwb	aind+ephys	v1.2.2	1cbdbee	7940dfd	v0.3.34	06ce8281-62ab-4cd5-b8b4-f9e4737c7aef	10738986941	failed	2026-09-16T14:20:52.497672-04:00	2026-09-16T14:20:52.626346-04:00	2026-09-16T14:20:54.401427-04:00	0	2	188
job-26061233af72	001374	sub-001/sub-001_ses-20250502_obj-Traceiii20240701iii11iii55iii53iii20264iii80iiidorsaliiikh2iiiNBQXiiiinc_ecephys.nwb	aind+ephys	v1.2.2	1cbdbee	7940dfd	v0.3.34	e94cb89d-d616-4778-a245-650f01b4c227	10714942414	failed	2026-09-18T00:21:49.334750-04:00	2026-09-18T00:21:50.014491-04:00	2026-09-18T00:21:51.321161-04:00	1	1	134
job-26091033af72	001374	sub-001/sub-001_ses-20250502_obj-Traceiii20240701iii11iii55iii53iii20264iii80iiidorsaliiikh2iiiNBQXiiiinc_ecephys.nwb	aind+ephys	v1.2.2	1cbdbee	7940dfd	v0.3.34	e94cb89d-d616-4778-a245-650f01b4c227	10714942414	failed	2026-09-16T14:20:56.377198-04:00	2026-09-16T14:20:56.313115-04:00	2026-09-16T14:20:59.901487-04:00	0	4	134
job-2607133925ac	001428	sub-aged-mice/sub-aged-mice_ses-after_ecephys.nwb	aind+ephys	v1.2.4	1cbdbee	7940dfd	v0.3.49	92ecfb86-b844-4ab1-99c5-9e5e172f9a67	4300839936	failed	2026-09-18T00:21:54.451306-04:00	2026-09-18T00:21:55.848826-04:00	2026-09-18T00:21:57.190302-04:00	1	1	209
job-2607153925ac	001428	sub-aged-mice/sub-aged-mice_ses-after_ecephys.nwb	aind+ephys	v1.2.4	1cbdbee	7940dfd	v0.3.49	92ecfb86-b844-4ab1-99c5-9e5e172f9a67	4300839936	failed	2026-09-18T00:21:58.312335-04:00	2026-09-18T00:21:58.326652-04:00	2026-09-18T00:22:00.420006-04:00	0	2	320
job-2609252bf990	001428	sub-aged-mouse/sub-aged-mouse_ses-after_ecephys.nwb	aind+ephys	1.3.3	4e89ec7	7940dfd	v0.9.5	59b4c4d1-a155-45e1-af1e-77c21d257b11	4274304086	failed	2026-09-27T11:47:30.819926-04:00	2026-09-27T11:47:31.451319-04:00	2026-09-27T11:47:33.098088-04:00	1	2	2068
job-26062109da2f	001428	sub-aged-mouse2/sub-aged-mouse2_ses-after_ecephys.nwb	aind+ephys	v1.2.4	1cbdbee	7940dfd	v0.3.42	16c23f1d-2296-47c6-8442-dd72a453dfcf	4468129160	failed	2026-09-18T00:22:03.347218-04:00	2026-09-18T00:22:03.492839-04:00	2026-09-18T00:22:04.784820-04:00	0	1	
job-26062209da2f	001428	sub-aged-mouse2/sub-aged-mouse2_ses-after_ecephys.nwb	aind+ephys	v1.2.4	1cbdbee	7940dfd	v0.3.42	16c23f1d-2296-47c6-8442-dd72a453dfcf	4468129160	failed	2026-09-18T00:22:06.123554-04:00	2026-09-18T00:22:06.136855-04:00	2026-09-18T00:22:07.332462-04:00	0	1	
job-26062209da2f-2	001428	sub-aged-mouse2/sub-aged-mouse2_ses-after_ecephys.nwb	aind+ephys	v1.2.4	1cbdbee	7940dfd	v0.3.42	16c23f1d-2296-47c6-8442-dd72a453dfcf	4468129160	failed	2026-09-18T00:22:08.729967-04:00	2026-09-18T00:22:08.757842-04:00	2026-09-18T00:22:09.772781-04:00	0	1	
job-260613918f2f	001428	sub-aged-mouse2/sub-aged-mouse2_ses-before_ecephys.nwb	aind+ephys	v1.2.2	1cbdbee	7940dfd	v0.3.34	7e691d7b-48a7-43c3-a53d-52393a3e3ce6	4458784579	failed	2026-09-18T00:22:12.694533-04:00	2026-09-18T00:22:13.962147-04:00	2026-09-18T00:22:13.976069-04:00	1	0	
job-260910918f2f	001428	sub-aged-mouse2/sub-aged-mouse2_ses-before_ecephys.nwb	aind+ephys	v1.2.2	1cbdbee	7940dfd	v0.3.34	7e691d7b-48a7-43c3-a53d-52393a3e3ce6	4458784579	failed	2026-09-16T14:21:10.373178-04:00	2026-09-16T14:21:12.266789-04:00	2026-09-16T14:21:12.420024-04:00	2	0	
job-260718d696cd	001435	sub-Lalo/sub-Lalo_ses-20230120_ecephys.nwb	aind+ephys	v1.2.4	1cbdbee	7940dfd	v0.3.49	87982359-9ff6-4160-8516-36a235025d55	11171016559	failed	2026-09-18T00:22:16.299773-04:00	2026-09-18T00:22:16.776464-04:00	2026-09-18T00:22:18.702081-04:00	0	2	179
job-260725b6d0c5	001435	sub-Lalo/sub-Lalo_ses-20230120_ecephys.nwb	aind+ephys	v1.2.4	1cbdbee	7940dfd	v0.3.49	87982359-9ff6-4160-8516-36a235025d55	11171016559	failed	2026-09-18T00:22:20.106628-04:00	2026-09-18T00:22:20.092525-04:00	2026-09-18T00:22:21.416431-04:00	0	1	259
job-260910b6d0c5	001435	sub-Lalo/sub-Lalo_ses-20230120_ecephys.nwb	aind+ephys	v1.2.4	1cbdbee	7940dfd	v0.3.49	87982359-9ff6-4160-8516-36a235025d55	11171016559	failed	2026-09-16T14:21:13.987197-04:00	2026-09-16T14:21:14.500902-04:00	2026-09-16T14:21:17.727913-04:00	1	3	259
job-260910d696cd	001435	sub-Lalo/sub-Lalo_ses-20230120_ecephys.nwb	aind+ephys	v1.2.4	1cbdbee	7940dfd	v0.3.49	87982359-9ff6-4160-8516-36a235025d55	11171016559	failed	2026-09-16T14:21:19.603488-04:00	2026-09-16T14:21:19.495840-04:00	2026-09-16T14:21:21.778522-04:00	0	2	179
job-2607282502da	001435	sub-Lalo/sub-Lalo_ses-20230210_ecephys.nwb	aind+ephys	v1.2.4	1cbdbee	7940dfd	v0.3.49	08cc65d1-4e06-4f60-b646-cf7cc7fae43c	48706902	failed	2026-09-18T00:22:26.738945-04:00	2026-09-18T00:22:28.125567-04:00	2026-09-18T00:22:29.251700-04:00	1	1	189
job-2609102502da	001435	sub-Lalo/sub-Lalo_ses-20230210_ecephys.nwb	aind+ephys	v1.2.4	1cbdbee	7940dfd	v0.3.49	08cc65d1-4e06-4f60-b646-cf7cc7fae43c	48706902	failed	2026-09-16T14:21:23.243398-04:00	2026-09-16T14:21:24.969817-04:00	2026-09-16T14:21:26.820889-04:00	2	2	189
job-260710f47138	001435	sub-Offenbach/sub-Offenbach_ses-20221220_ecephys.nwb	aind+ephys	v1.2.4	1cbdbee	7940dfd	v0.3.49	9b1206d1-9093-403d-8ea8-929905598c39	15369549736	failed	2026-09-18T00:22:32.295094-04:00	2026-09-18T00:22:33.599674-04:00	2026-09-18T00:22:34.848218-04:00	1	1	93
job-260910f47138	001435	sub-Offenbach/sub-Offenbach_ses-20221220_ecephys.nwb	aind+ephys	v1.2.4	1cbdbee	7940dfd	v0.3.49	9b1206d1-9093-403d-8ea8-929905598c39	15369549736	failed	2026-09-16T14:21:28.594882-04:00	2026-09-16T14:21:28.551831-04:00	2026-09-16T14:21:32.047578-04:00	0	3	93
job-260611ef3461	001435	sub-Offenbach/sub-Offenbach_ses-20221222_ecephys.nwb	aind+ephys	v1.2.2	1cbdbee	7940dfd	v0.3.34	3f687ebd-6634-49ae-9059-6e326352d9f3	16286653374	failed	2026-09-18T00:22:37.845571-04:00	2026-09-18T00:22:37.948301-04:00	2026-09-18T00:22:40.319885-04:00	0	2	69
job-260910ef3461	001435	sub-Offenbach/sub-Offenbach_ses-20221222_ecephys.nwb	aind+ephys	v1.2.2	1cbdbee	7940dfd	v0.3.34	3f687ebd-6634-49ae-9059-6e326352d9f3	16286653374	failed	2026-09-16T14:21:33.946625-04:00	2026-09-16T14:21:34.056250-04:00	2026-09-16T14:21:35.682050-04:00	0	2	69
job-2609288ace26	001435	sub-Offenbach/sub-Offenbach_ses-20221222_ecephys.nwb	aind+ephys	1.3.3	440c8c2	ccc54dc	v0.9.7	3f687ebd-6634-49ae-9059-6e326352d9f3	16286653374	pending	2026-09-28T10:55:49.431718-04:00					
job-260715a9712e	001435	sub-Offenbach/sub-Offenbach_ses-20230113_ecephys.nwb	aind+ephys	v1.2.4	1cbdbee	7940dfd	v0.3.49	ea6e385d-1cba-41c1-a64f-b10094a399f5	24122743438	stalled	2026-09-18T00:22:43.244766-04:00	2026-09-18T00:22:44.131371-04:00		1		
job-260910a9712e	001435	sub-Offenbach/sub-Offenbach_ses-20230113_ecephys.nwb	aind+ephys	v1.2.4	1cbdbee	7940dfd	v0.3.49	ea6e385d-1cba-41c1-a64f-b10094a399f5	24122743438	stalled	2026-09-16T14:21:37.475072-04:00	2026-09-16T14:21:37.540152-04:00		0		
job-260928d1ac87	001435	sub-Offenbach/sub-Offenbach_ses-20230207_ecephys.nwb	aind+ephys	1.3.3	440c8c2	ccc54dc	v0.9.7	a4a98520-8b82-4834-89e4-7ff6ecb88e42	51573296	pending	2026-09-28T10:55:57.870438-04:00					
job-260925c7dcfe	001435	sub-Offenbach/sub-Offenbach_ses-20230208_ecephys.nwb	aind+ephys	1.3.3	4e89ec7	7940dfd	v0.9.3	2b44bcbc-f02f-4f28-a005-9f4929fa5682	17459962355	failed	2026-09-27T11:47:42.613712-04:00	2026-09-27T11:47:43.190413-04:00	2026-09-27T11:47:44.625319-04:00	1	1	6745
job-260925de066e	001435	sub-Offenbach/sub-Offenbach_ses-20230210_ecephys.nwb	aind+ephys	1.3.3	4e89ec7	7940dfd	v0.9.5	2a5f6d9a-2a44-47eb-95d4-19b5b53b6eee	48706902	failed	2026-09-27T11:47:53.898586-04:00	2026-09-27T11:47:54.484566-04:00	2026-09-27T11:47:55.847532-04:00	1	1	34
job-2607053ee4fa	001435	sub-Offenbach/sub-Offenbach_ses-20230215_ecephys.nwb	aind+ephys	v1.2.4	1cbdbee	7940dfd	v0.3.46	e73c58bd-0a3f-46dc-9c65-752b1a793efa	16823171070	failed	2026-09-18T00:22:46.087171-04:00	2026-09-18T00:22:46.622629-04:00	2026-09-18T00:22:48.689417-04:00	1	2	69
job-2609103ee4fa	001435	sub-Offenbach/sub-Offenbach_ses-20230215_ecephys.nwb	aind+ephys	v1.2.4	1cbdbee	7940dfd	v0.3.46	e73c58bd-0a3f-46dc-9c65-752b1a793efa	16823171070	failed	2026-09-16T14:21:40.978885-04:00	2026-09-16T14:21:41.084515-04:00	2026-09-16T14:21:42.682220-04:00	0	2	69
job-260622728478	001435	sub-Offenbach/sub-Offenbach_ses-20230223_ecephys.nwb	aind+ephys	v1.2.4	1cbdbee	7940dfd	v0.3.42	faeba512-97ff-47ea-9d60-5b3db1d81817	17827296417	failed	2026-09-18T00:22:51.468548-04:00	2026-09-18T00:22:51.890450-04:00	2026-09-18T00:22:52.616022-04:00	0	1	
job-260622728478-2	001435	sub-Offenbach/sub-Offenbach_ses-20230223_ecephys.nwb	aind+ephys	v1.2.4	1cbdbee	7940dfd	v0.3.42	faeba512-97ff-47ea-9d60-5b3db1d81817	17827296417	failed	2026-09-18T00:22:54.556793-04:00	2026-09-18T00:22:54.509434-04:00	2026-09-18T00:22:54.723835-04:00	0	0	
job-2606119a9eb4	001469	sub-Chronic-Implant-1/sub-Chronic-Implant-1_obj-1ac8h1a_ecephys.nwb	aind+ephys	v1.2.2	1cbdbee	7940dfd	v0.3.28	8c9ef385-ec4b-42a4-96ad-a0ce41ccd917	1139972632	failed	2026-09-18T00:22:57.104258-04:00	2026-09-18T00:22:58.071687-04:00	2026-09-18T00:22:59.165594-04:00	1	1	2903
job-2609109a9eb4	001469	sub-Chronic-Implant-1/sub-Chronic-Implant-1_obj-1ac8h1a_ecephys.nwb	aind+ephys	v1.2.2	1cbdbee	7940dfd	v0.3.28	8c9ef385-ec4b-42a4-96ad-a0ce41ccd917	1139972632	failed	2026-09-16T14:21:47.293870-04:00	2026-09-16T14:21:48.686723-04:00	2026-09-16T14:21:50.693454-04:00	1	2	2903
job-2609280f2a10	001469	sub-Chronic-Implant-1/sub-Chronic-Implant-1_obj-1dltyky_ecephys.nwb	aind+ephys	1.3.3	440c8c2	ccc54dc	v0.9.7	236c7555-21b0-42c4-8711-a782e91f2c88	468306208	pending	2026-09-28T10:56:06.721461-04:00					
job-260611ef11e4	001469	sub-Chronic-Implant-1/sub-Chronic-Implant-1_obj-1mol3hx_ecephys.nwb	aind+ephys	v1.2.2	1cbdbee	7940dfd	v0.3.28	12b190cf-0b40-45fb-8aff-21f688d1175e	591268128	failed	2026-09-18T00:23:02.566286-04:00	2026-09-18T00:23:03.929981-04:00	2026-09-18T00:23:05.096236-04:00	1	1	413
job-260910ef11e4	001469	sub-Chronic-Implant-1/sub-Chronic-Implant-1_obj-1mol3hx_ecephys.nwb	aind+ephys	v1.2.2	1cbdbee	7940dfd	v0.3.28	12b190cf-0b40-45fb-8aff-21f688d1175e	591268128	failed	2026-09-16T14:21:52.434729-04:00	2026-09-16T14:21:52.369651-04:00	2026-09-16T14:21:55.476896-04:00	0	3	413
job-2606220e954d	001469	sub-Chronic-Implant-1/sub-Chronic-Implant-1_obj-1r591dv_ecephys.nwb	aind+ephys	v1.2.4	1cbdbee	7940dfd	v0.3.42	f22ef5fd-5efa-436b-adb4-905024accf16	464881952	failed	2026-09-18T00:23:07.967687-04:00	2026-09-18T00:23:08.492214-04:00	2026-09-18T00:23:09.218569-04:00	1	1	
job-2606220e954d-2	001469	sub-Chronic-Implant-1/sub-Chronic-Implant-1_obj-1r591dv_ecephys.nwb	aind+ephys	v1.2.4	1cbdbee	7940dfd	v0.3.42	f22ef5fd-5efa-436b-adb4-905024accf16	464881952	failed	2026-09-18T00:23:10.433821-04:00	2026-09-18T00:23:10.462493-04:00	2026-09-18T00:23:11.751998-04:00	0	1	
job-2606220e954d-3	001469	sub-Chronic-Implant-1/sub-Chronic-Implant-1_obj-1r591dv_ecephys.nwb	aind+ephys	v1.2.4	1cbdbee	7940dfd	v0.3.42	f22ef5fd-5efa-436b-adb4-905024accf16	464881952	failed	2026-09-18T00:23:12.983226-04:00	2026-09-18T00:23:13.053420-04:00	2026-09-18T00:23:13.670226-04:00	0	1	
job-260612f493a0	001469	sub-Chronic-Implant-2/sub-Chronic-Implant-2_obj-aslpio_ecephys.nwb	aind+ephys	v1.2.2	1cbdbee	7940dfd	v0.3.34	079e9dbb-9d41-47e9-a329-cf46fa662be6	1547702133	failed	2026-09-18T00:23:16.575095-04:00	2026-09-18T00:23:16.750632-04:00	2026-09-18T00:23:19.029352-04:00	0	2	194
job-260910f493a0	001469	sub-Chronic-Implant-2/sub-Chronic-Implant-2_obj-aslpio_ecephys.nwb	aind+ephys	v1.2.2	1cbdbee	7940dfd	v0.3.34	079e9dbb-9d41-47e9-a329-cf46fa662be6	1547702133	failed	2026-09-16T14:22:00.849120-04:00	2026-09-16T14:22:03.070146-04:00	2026-09-16T14:22:04.686716-04:00	2	2	194
job-2609258b97d3	001469	sub-Chronic-Implant-2/sub-Chronic-Implant-2_obj-aslpio_ecephys.nwb	aind+ephys	1.3.3	4e89ec7	7940dfd	v0.9.5	079e9dbb-9d41-47e9-a329-cf46fa662be6	1547702133	failed	2026-09-27T11:48:05.234586-04:00	2026-09-27T11:48:06.280794-04:00	2026-09-27T11:48:07.078416-04:00	1	1	458
job-260927756747	001469	sub-Chronic-Implant-2/sub-Chronic-Implant-2_obj-nvg8om_ecephys.nwb	aind+ephys	1.3.3	4e89ec7	7940dfd	v0.9.5	00089114-fc52-4421-b143-a0e6d0b07ef2	4779469976	failed	2026-09-27T11:48:15.690131-04:00	2026-09-27T11:48:16.012027-04:00	2026-09-27T11:48:17.295712-04:00	0	1	169
job-260928d6f33d	001469	sub-Chronic-Implant-2/sub-Chronic-Implant-2_obj-nvg8om_ecephys.nwb	aind+ephys	1.3.3	440c8c2	ccc54dc	v0.9.7	00089114-fc52-4421-b143-a0e6d0b07ef2	4779469976	pending	2026-09-28T10:56:15.017887-04:00					
job-2606115c4611	001469	sub-Chronic-Implant-3/sub-Chronic-Implant-3_obj-1006lvt_ecephys.nwb	aind+ephys	v1.2.2	1cbdbee	0d4bf36	v0.3.27	130ee92e-851c-498c-a84d-06556389f5f8	580920728	failed	2026-09-18T00:23:21.771798-04:00	2026-09-18T00:23:22.113020-04:00	2026-09-18T00:23:24.019102-04:00	0	2	198
job-2609105c4611	001469	sub-Chronic-Implant-3/sub-Chronic-Implant-3_obj-1006lvt_ecephys.nwb	aind+ephys	v1.2.2	1cbdbee	0d4bf36	v0.3.27	130ee92e-851c-498c-a84d-06556389f5f8	580920728	failed	2026-09-16T14:22:06.593371-04:00	2026-09-16T14:22:06.463712-04:00	2026-09-16T14:22:09.863721-04:00	0	3	198
job-26061159308d	001469	sub-Chronic-Implant-4/sub-Chronic-Implant-4_obj-14sdvma_ecephys.nwb	aind+ephys	v1.2.2	1cbdbee	0d4bf36	v0.3.27	e9c5137f-cc17-4ab7-aa34-1e02016eca3a	1737814984	failed	2026-09-18T00:23:26.612187-04:00	2026-09-18T00:23:26.983618-04:00	2026-09-18T00:23:28.730027-04:00	0	2	129
job-26091059308d	001469	sub-Chronic-Implant-4/sub-Chronic-Implant-4_obj-14sdvma_ecephys.nwb	aind+ephys	v1.2.2	1cbdbee	0d4bf36	v0.3.27	e9c5137f-cc17-4ab7-aa34-1e02016eca3a	1737814984	failed	2026-09-16T14:22:11.850995-04:00	2026-09-16T14:22:11.737830-04:00	2026-09-16T14:22:14.143648-04:00	0	2	129
job-260621b09c5b	001469	sub-Chronic-Implant-4/sub-Chronic-Implant-4_obj-1dx5ghc_ecephys.nwb	aind+ephys	v1.2.4	1cbdbee	7940dfd	v0.3.39	195b50fb-7272-4544-ae0a-14e3e712c800	1746817664	failed	2026-09-18T00:23:31.298510-04:00	2026-09-18T00:23:32.356377-04:00	2026-09-18T00:23:32.485658-04:00	1	0	
job-260910b09c5b	001469	sub-Chronic-Implant-4/sub-Chronic-Implant-4_obj-1dx5ghc_ecephys.nwb	aind+ephys	v1.2.4	1cbdbee	7940dfd	v0.3.39	195b50fb-7272-4544-ae0a-14e3e712c800	1746817664	failed	2026-09-16T14:22:15.375349-04:00	2026-09-16T14:22:17.126326-04:00	2026-09-16T14:22:17.333595-04:00	2	0	
job-260611f4d60a	001469	sub-Chronic-Implant-4/sub-Chronic-Implant-4_obj-5sg86a_ecephys.nwb	aind+ephys	v1.2.2	1cbdbee	7940dfd	v0.3.34	5c8ffb3a-7793-4f46-947a-be9efb07d0eb	3461900144	failed	2026-09-18T00:23:34.984005-04:00	2026-09-18T00:23:35.885306-04:00	2026-09-18T00:23:37.168145-04:00	1	1	135
job-260910f4d60a	001469	sub-Chronic-Implant-4/sub-Chronic-Implant-4_obj-5sg86a_ecephys.nwb	aind+ephys	v1.2.2	1cbdbee	7940dfd	v0.3.34	5c8ffb3a-7793-4f46-947a-be9efb07d0eb	3461900144	failed	2026-09-16T14:22:19.146118-04:00	2026-09-16T14:22:19.636237-04:00	2026-09-16T14:22:23.147598-04:00	0	4	135
job-260613dfffb2	001469	sub-Chronic-Implant-5/sub-Chronic-Implant-5_obj-1shwbu6_ecephys.nwb	aind+ephys	v1.2.2	1cbdbee	7940dfd	v0.3.34	4a0721af-520e-4e5d-bbb8-ea57fe3ff4a9	175465680	failed	2026-09-18T00:23:40.078194-04:00	2026-09-18T00:23:40.607974-04:00	2026-09-18T00:23:42.076845-04:00	1	1	104
job-260910dfffb2	001469	sub-Chronic-Implant-5/sub-Chronic-Implant-5_obj-1shwbu6_ecephys.nwb	aind+ephys	v1.2.2	1cbdbee	7940dfd	v0.3.34	4a0721af-520e-4e5d-bbb8-ea57fe3ff4a9	175465680	failed	2026-09-16T14:22:25.112761-04:00	2026-09-16T14:22:25.177837-04:00	2026-09-16T14:22:28.167207-04:00	0	3	104
job-2606110dfb6a	001475	sub-RMBE112m1/sub-RMBE112m1_ses-2b2F8_ephys.nwb	aind+ephys	v1.2.2	1cbdbee	0d4bf36	v0.3.25	ae55d852-4804-4e4c-bf73-e209aedd39e5	2726160	failed	2026-09-18T00:23:45.015959-04:00	2026-09-18T00:23:46.343939-04:00	2026-09-18T00:23:47.640083-04:00	1	1	184
job-2606110dfb6a-2	001475	sub-RMBE112m1/sub-RMBE112m1_ses-2b2F8_ephys.nwb	aind+ephys	v1.2.2	1cbdbee	0d4bf36	v0.3.27	ae55d852-4804-4e4c-bf73-e209aedd39e5	2726160	failed	2026-09-18T00:23:48.870211-04:00	2026-09-18T00:23:48.956078-04:00	2026-09-18T00:23:51.751027-04:00	0	3	129
job-2606114032f2	001475	sub-RMBE112m1/sub-RMBE112m1_ses-2b2F8_ephys.nwb	aind+ephys	v1.2.2	1cbdbee	7940dfd	v0.3.28	ae55d852-4804-4e4c-bf73-e209aedd39e5	2726160	failed	2026-09-18T00:23:53.360065-04:00	2026-09-18T00:23:53.294299-04:00	2026-09-18T00:23:54.893399-04:00	0	2	646
job-2606114032f2-2	001475	sub-RMBE112m1/sub-RMBE112m1_ses-2b2F8_ephys.nwb	aind+ephys	v1.2.2	1cbdbee	7940dfd	v0.3.28	ae55d852-4804-4e4c-bf73-e209aedd39e5	2726160	failed	2026-09-18T00:23:56.155565-04:00	2026-09-18T00:23:56.217541-04:00	2026-09-18T00:23:58.222701-04:00	0	2	126
job-2606114032f2-3	001475	sub-RMBE112m1/sub-RMBE112m1_ses-2b2F8_ephys.nwb	aind+ephys	v1.2.2	1cbdbee	7940dfd	v0.3.28	ae55d852-4804-4e4c-bf73-e209aedd39e5	2726160	failed	2026-09-18T00:23:59.293164-04:00	2026-09-18T00:23:59.476450-04:00	2026-09-18T00:24:00.732176-04:00	0	1	190
job-26062356b138	001603	sub-HO2/sub-HO2_ses-20250926T121245_ecephys.nwb	aind+ephys	v1.2.4	1cbdbee	7940dfd	v0.3.43	340e67dc-214e-4aa2-a7b4-dc18607ece88	2273144092	failed	2026-09-18T00:24:06.652397-04:00	2026-09-18T00:24:08.144170-04:00	2026-09-18T00:24:09.528448-04:00	1	1	1169
job-26070556b138	001603	sub-HO2/sub-HO2_ses-20250926T121245_ecephys.nwb	aind+ephys	v1.2.4	1cbdbee	7940dfd	v0.3.46	340e67dc-214e-4aa2-a7b4-dc18607ece88	2273144092	failed	2026-09-18T00:24:10.799938-04:00	2026-09-18T00:24:10.814604-04:00	2026-09-18T00:24:12.408405-04:00	0	2	529
job-26070556b138-2	001603	sub-HO2/sub-HO2_ses-20250926T121245_ecephys.nwb	aind+ephys	v1.2.4	1cbdbee	7940dfd	v0.3.46	340e67dc-214e-4aa2-a7b4-dc18607ece88	2273144092	failed	2026-09-18T00:24:13.364315-04:00	2026-09-18T00:24:14.580244-04:00	2026-09-18T00:24:15.868037-04:00	1	1	529
job-26070656b138	001603	sub-HO2/sub-HO2_ses-20250926T121245_ecephys.nwb	aind+ephys	v1.2.4	1cbdbee	7940dfd	v0.3.46	340e67dc-214e-4aa2-a7b4-dc18607ece88	2273144092	failed	2026-09-18T00:24:16.964886-04:00	2026-09-18T00:24:17.007237-04:00	2026-09-18T00:24:18.798252-04:00	0	2	650
job-2607063bb979	001603	sub-HO3/sub-HO3_ses-20250924T011903_ecephys.nwb	aind+ephys	v1.2.4	1cbdbee	7940dfd	v0.3.46	ed147459-23d0-489a-aaa8-306941446f48	2354063415	failed	2026-09-18T00:24:23.741432-04:00	2026-09-18T00:24:23.877576-04:00	2026-09-18T00:24:26.432856-04:00	0	3	593
job-2607063bb979-2	001603	sub-HO3/sub-HO3_ses-20250924T011903_ecephys.nwb	aind+ephys	v1.2.4	1cbdbee	7940dfd	v0.3.46	ed147459-23d0-489a-aaa8-306941446f48	2354063415	failed	2026-09-18T00:24:27.548879-04:00	2026-09-18T00:24:27.563533-04:00	2026-09-18T00:24:29.067189-04:00	0	2	989
job-2606225c7b4d	001603	sub-M3S1/sub-M3S1_ses-20250924T012016_ecephys.nwb	aind+ephys	v1.2.4	1cbdbee	7940dfd	v0.3.42	0cf4683d-c205-483b-bd47-547e6066d804	13123405116	failed	2026-09-18T00:24:32.051216-04:00	2026-09-18T00:24:32.148046-04:00	2026-09-18T00:24:33.215733-04:00	0	1	
job-2609105c7b4d	001603	sub-M3S1/sub-M3S1_ses-20250924T012016_ecephys.nwb	aind+ephys	v1.2.4	1cbdbee	7940dfd	v0.3.42	0cf4683d-c205-483b-bd47-547e6066d804	13123405116	failed	2026-09-16T14:22:54.117598-04:00	2026-09-16T14:22:54.604786-04:00	2026-09-16T14:22:55.985073-04:00	0	1	
job-260611267810	001603	sub-M3S2/sub-M3S2_ses-20250924T012228_ecephys.nwb	aind+ephys	v1.2.2	1cbdbee	7940dfd	v0.3.28	17a3ceae-5903-41ae-a271-ba63742610ba	28009870351	failed	2026-09-18T00:24:35.639604-04:00	2026-09-18T00:24:36.449438-04:00	2026-09-18T00:24:37.938476-04:00	1	1	194
job-260910267810	001603	sub-M3S2/sub-M3S2_ses-20250924T012228_ecephys.nwb	aind+ephys	v1.2.2	1cbdbee	7940dfd	v0.3.28	17a3ceae-5903-41ae-a271-ba63742610ba	28009870351	failed	2026-09-16T14:22:57.779706-04:00	2026-09-16T14:22:57.686622-04:00	2026-09-16T14:23:00.991821-04:00	0	3	194
job-2606110d33e2	001603	sub-MO10/sub-MO10_ses-20250924T011941_ecephys.nwb	aind+ephys	v1.2.2	1cbdbee	7940dfd	v0.3.34	0178eeb1-6e4a-4694-b38b-f48b3e52a4e3	7512410939	failed	2026-09-18T00:24:40.744852-04:00	2026-09-18T00:24:41.308545-04:00	2026-09-18T00:24:42.579043-04:00	1	1	105
job-2609100d33e2	001603	sub-MO10/sub-MO10_ses-20250924T011941_ecephys.nwb	aind+ephys	v1.2.2	1cbdbee	7940dfd	v0.3.34	0178eeb1-6e4a-4694-b38b-f48b3e52a4e3	7512410939	failed	2026-09-16T14:23:03.165584-04:00	2026-09-16T14:23:03.128046-04:00	2026-09-16T14:23:04.643675-04:00	0	2	105
job-2609256b66c0	001603	sub-MO10/sub-MO10_ses-20250924T011941_ecephys.nwb	aind+ephys	1.3.3	4e89ec7	7940dfd	v0.9.5	0178eeb1-6e4a-4694-b38b-f48b3e52a4e3	7512410939	failed	2026-09-27T11:48:25.941898-04:00	2026-09-27T11:48:26.233192-04:00	2026-09-27T11:48:27.620461-04:00	0	1	189
job-260611700e3b	001603	sub-MO10/sub-MO10_ses-20250924T011945_ecephys.nwb	aind+ephys	v1.2.2	1cbdbee	7940dfd	v0.3.28	6d60b290-c983-4b2d-8959-d90eea476015	7677640948	failed	2026-09-18T00:24:45.364233-04:00	2026-09-18T00:24:45.998211-04:00	2026-09-18T00:24:47.171078-04:00	1	1	189
job-260910700e3b	001603	sub-MO10/sub-MO10_ses-20250924T011945_ecephys.nwb	aind+ephys	v1.2.2	1cbdbee	7940dfd	v0.3.28	6d60b290-c983-4b2d-8959-d90eea476015	7677640948	failed	2026-09-16T14:23:06.196351-04:00	2026-09-16T14:23:06.349033-04:00	2026-09-16T14:23:09.653007-04:00	0	3	189
job-260613e2d6eb	001603	sub-MO11/sub-MO11_ses-20250924T011954_ecephys.nwb	aind+ephys	v1.2.2	1cbdbee	7940dfd	v0.3.34	8a89944e-72be-4887-9cb9-c19ece908824	7647602999	failed	2026-09-18T00:24:50.310191-04:00	2026-09-18T00:24:50.828967-04:00	2026-09-18T00:24:52.938631-04:00	1	2	765
job-260910e2d6eb	001603	sub-MO11/sub-MO11_ses-20250924T011954_ecephys.nwb	aind+ephys	v1.2.2	1cbdbee	7940dfd	v0.3.34	8a89944e-72be-4887-9cb9-c19ece908824	7647602999	failed	2026-09-16T14:23:11.480329-04:00	2026-09-16T14:23:11.457301-04:00	2026-09-16T14:23:13.756393-04:00	0	2	765
job-26061156ce8e	001603	sub-MO11/sub-MO11_ses-20250924T012255_ecephys.nwb	aind+ephys	v1.2.2	1cbdbee	0d4bf36	v0.3.27	6643d542-b68a-4ca2-8741-0f48e9920dc5	8058162931	failed	2026-09-18T00:24:55.850806-04:00	2026-09-18T00:24:56.027320-04:00	2026-09-18T00:24:58.272094-04:00	0	2	249
job-26091056ce8e	001603	sub-MO11/sub-MO11_ses-20250924T012255_ecephys.nwb	aind+ephys	v1.2.2	1cbdbee	0d4bf36	v0.3.27	6643d542-b68a-4ca2-8741-0f48e9920dc5	8058162931	failed	2026-09-16T14:23:15.447818-04:00	2026-09-16T14:23:16.345891-04:00	2026-09-16T14:23:18.675076-04:00	1	2	249
job-260622e74295	001603	sub-MO12/sub-MO12_ses-20250924T011948_ecephys.nwb	aind+ephys	v1.2.4	1cbdbee	7940dfd	v0.3.42	28ffe5c5-2176-4074-90d0-8c51e0d1e52a	6025227275	failed	2026-09-18T00:25:01.229286-04:00	2026-09-18T00:25:02.649073-04:00	2026-09-18T00:25:02.692656-04:00	1	0	
job-260910e74295	001603	sub-MO12/sub-MO12_ses-20250924T011948_ecephys.nwb	aind+ephys	v1.2.4	1cbdbee	7940dfd	v0.3.42	28ffe5c5-2176-4074-90d0-8c51e0d1e52a	6025227275	failed	2026-09-16T14:23:20.753350-04:00	2026-09-16T14:23:20.775886-04:00	2026-09-16T14:23:22.350051-04:00	0	2	
job-2609257b3950	001603	sub-MO5/sub-MO5_ses-20250924T011912_ecephys.nwb	aind+ephys	1.3.3	4e89ec7	7940dfd	v0.9.5	556d4c0e-2ecd-4770-a315-e561a05c4fab	4767937148	failed	2026-09-27T11:48:35.886170-04:00	2026-09-27T11:48:36.247705-04:00	2026-09-27T11:48:37.563727-04:00	0	1	128
job-260621ac7f4a	001603	sub-MO9/sub-MO9_ses-20250924T011924_ecephys.nwb	aind+ephys	v1.2.4	1cbdbee	7940dfd	v0.3.42	17703948-c2de-4133-a16d-78fc88e167ec	8588736621	failed	2026-09-18T00:25:05.343170-04:00	2026-09-18T00:25:05.416861-04:00	2026-09-18T00:25:06.669888-04:00	0	1	
job-260706ac7f4a	001603	sub-MO9/sub-MO9_ses-20250924T011924_ecephys.nwb	aind+ephys	v1.2.4	1cbdbee	7940dfd	v0.3.46	17703948-c2de-4133-a16d-78fc88e167ec	8588736621	failed	2026-09-18T00:25:08.054540-04:00	2026-09-18T00:25:08.039036-04:00	2026-09-18T00:25:09.394249-04:00	0	1	1219
job-2607128753e2	001640	sub-Adalberto/Adalberto2021-09-01_19-11-52.nwb	aind+ephys	v1.2.4	1cbdbee	7940dfd	v0.3.49	4d9ef9bd-6dfd-4dae-be8e-f11207263218	4341515788	failed	2026-09-18T00:25:12.096891-04:00	2026-09-18T00:25:12.605086-04:00	2026-09-18T00:25:14.377092-04:00	1	2	69
job-2609108753e2	001640	sub-Adalberto/Adalberto2021-09-01_19-11-52.nwb	aind+ephys	v1.2.4	1cbdbee	7940dfd	v0.3.49	4d9ef9bd-6dfd-4dae-be8e-f11207263218	4341515788	failed	2026-09-16T14:23:27.406165-04:00	2026-09-16T14:23:28.321912-04:00	2026-09-16T14:23:30.901382-04:00	1	3	69
job-260611dd5a49	001640	sub-Adalberto/Adalberto2021-09-12_17-58-37.nwb	aind+ephys	v1.2.2	1cbdbee	0d4bf36	v0.3.27	fa8f020a-a397-4e3d-a517-dc6fa08d5730	4048069851	failed	2026-09-18T00:25:17.227679-04:00	2026-09-18T00:25:18.336771-04:00	2026-09-18T00:25:19.688378-04:00	1	1	529
job-260910dd5a49	001640	sub-Adalberto/Adalberto2021-09-12_17-58-37.nwb	aind+ephys	v1.2.2	1cbdbee	0d4bf36	v0.3.27	fa8f020a-a397-4e3d-a517-dc6fa08d5730	4048069851	failed	2026-09-16T14:23:32.649114-04:00	2026-09-16T14:23:32.580514-04:00	2026-09-16T14:23:34.897152-04:00	0	2	529
job-2607238f7665	001640	sub-Adalberto/Adalberto2021-09-17_16-33-42.nwb	aind+ephys	v1.2.4	1cbdbee	7940dfd	v0.3.49	090142c1-b0ce-4016-9134-094612f202b2	2496182167	failed	2026-09-18T00:25:22.627205-04:00	2026-09-18T00:25:23.964933-04:00	2026-09-18T00:25:25.300432-04:00	1	1	189
job-2609108f7665	001640	sub-Adalberto/Adalberto2021-09-17_16-33-42.nwb	aind+ephys	v1.2.4	1cbdbee	7940dfd	v0.3.49	090142c1-b0ce-4016-9134-094612f202b2	2496182167	failed	2026-09-16T14:23:36.367653-04:00	2026-09-16T14:23:37.112678-04:00	2026-09-16T14:23:39.767732-04:00	1	3	189
job-260715a7d0a2	001640	sub-Adalberto/Adalberto2021-10-08_21-09-44.nwb	aind+ephys	v1.2.4	1cbdbee	7940dfd	v0.3.49	03b2ebd9-4df3-46c9-87be-d7737d93aca5	2450688912	failed	2026-09-18T00:25:28.268617-04:00	2026-09-18T00:25:28.449001-04:00	2026-09-18T00:25:30.319677-04:00	0	2	381
job-260910a7d0a2	001640	sub-Adalberto/Adalberto2021-10-08_21-09-44.nwb	aind+ephys	v1.2.4	1cbdbee	7940dfd	v0.3.49	03b2ebd9-4df3-46c9-87be-d7737d93aca5	2450688912	failed	2026-09-16T14:23:41.887408-04:00	2026-09-16T14:23:41.821332-04:00	2026-09-16T14:23:43.945129-04:00	0	2	381
job-26072487e1d8	001640	sub-Arnold/Arnold2021-09-26_15-36-58.nwb	aind+ephys	v1.2.4	1cbdbee	7940dfd	v0.3.49	c1416279-f638-400f-94e0-bf8f6c5d8cd1	3075121651	failed	2026-09-18T00:25:33.059798-04:00	2026-09-18T00:25:33.213956-04:00	2026-09-18T00:25:35.487798-04:00	0	2	2311
job-26091087e1d8	001640	sub-Arnold/Arnold2021-09-26_15-36-58.nwb	aind+ephys	v1.2.4	1cbdbee	7940dfd	v0.3.49	c1416279-f638-400f-94e0-bf8f6c5d8cd1	3075121651	failed	2026-09-16T14:23:45.321304-04:00	2026-09-16T14:23:47.036652-04:00	2026-09-16T14:23:48.809241-04:00	2	2	2311
job-2607104421b6	001640	sub-Arnold/Arnold2021-10-01_18-50-22.nwb	aind+ephys	v1.2.4	1cbdbee	7940dfd	v0.3.49	b9337f8a-e446-48eb-82c1-a6b7951293c4	10887561342	failed	2026-09-18T00:25:38.269425-04:00	2026-09-18T00:25:38.747995-04:00	2026-09-18T00:25:40.675094-04:00	0	2	129
job-2609104421b6	001640	sub-Arnold/Arnold2021-10-01_18-50-22.nwb	aind+ephys	v1.2.4	1cbdbee	7940dfd	v0.3.49	b9337f8a-e446-48eb-82c1-a6b7951293c4	10887561342	failed	2026-09-16T14:23:50.482492-04:00	2026-09-16T14:23:50.413443-04:00	2026-09-16T14:23:53.369663-04:00	0	3	129
job-260611349010	001640	sub-Arnold/Arnold2021-10-02_14-03-31.nwb	aind+ephys	v1.2.2	1cbdbee	7940dfd	v0.3.28	3365e00b-4709-49c6-8d1d-700d52eb36cf	6938841666	failed	2026-09-18T00:25:43.612290-04:00	2026-09-18T00:25:43.731236-04:00	2026-09-18T00:25:46.109439-04:00	0	2	219
job-260910349010	001640	sub-Arnold/Arnold2021-10-02_14-03-31.nwb	aind+ephys	v1.2.2	1cbdbee	7940dfd	v0.3.28	3365e00b-4709-49c6-8d1d-700d52eb36cf	6938841666	failed	2026-09-16T14:23:54.588603-04:00	2026-09-16T14:23:54.997915-04:00	2026-09-16T14:23:56.575145-04:00	0	2	219
job-260713726b34	001640	sub-Augustin/Augustin2021-10-06_19-48-57.nwb	aind+ephys	v1.2.4	1cbdbee	7940dfd	v0.3.49	15050c9b-69fd-4628-aef0-9a104fc30fa2	2978979431	failed	2026-09-18T00:25:49.101417-04:00	2026-09-18T00:25:50.223299-04:00	2026-09-18T00:25:51.571717-04:00	1	1	244
job-260910726b34	001640	sub-Augustin/Augustin2021-10-06_19-48-57.nwb	aind+ephys	v1.2.4	1cbdbee	7940dfd	v0.3.49	15050c9b-69fd-4628-aef0-9a104fc30fa2	2978979431	failed	2026-09-16T14:23:58.024324-04:00	2026-09-16T14:23:58.006281-04:00	2026-09-16T14:24:00.690298-04:00	0	3	244
job-260710cd2bca	001640	sub-Augustin/Augustin2021-10-12_19-23-45.nwb	aind+ephys	v1.2.4	1cbdbee	7940dfd	v0.3.49	80cd4457-4f2b-43d2-a224-7cc06bf9b328	3900943615	failed	2026-09-18T00:25:54.753712-04:00	2026-09-18T00:25:56.293481-04:00	2026-09-18T00:25:57.811523-04:00	2	2	189
job-260711cd2bca	001640	sub-Augustin/Augustin2021-10-12_19-23-45.nwb	aind+ephys	v1.2.4	1cbdbee	7940dfd	v0.3.49	80cd4457-4f2b-43d2-a224-7cc06bf9b328	3900943615	failed	2026-09-18T00:25:59.095225-04:00	2026-09-18T00:25:59.110350-04:00	2026-09-18T00:26:00.867258-04:00	0	2	189
job-2607186a5a1a	001640	sub-Barto/Barto2022-08-16_13-07-23.nwb	aind+ephys	v1.2.4	1cbdbee	7940dfd	v0.3.49	be8c305b-1d9e-463b-9cb5-34d676162f45	7790157822	failed	2026-09-18T00:26:03.967479-04:00	2026-09-18T00:26:04.058112-04:00	2026-09-18T00:26:06.216316-04:00	0	2	189
job-2609106a5a1a	001640	sub-Barto/Barto2022-08-16_13-07-23.nwb	aind+ephys	v1.2.4	1cbdbee	7940dfd	v0.3.49	be8c305b-1d9e-463b-9cb5-34d676162f45	7790157822	failed	2026-09-16T14:24:05.305175-04:00	2026-09-16T14:24:05.341207-04:00	2026-09-16T14:24:08.381512-04:00	0	3	189
job-2607117a6cb1	001640	sub-Barto/Barto2022-08-23_12-53-41.nwb	aind+ephys	v1.2.4	1cbdbee	7940dfd	v0.3.49	a5692e10-6c9f-42ca-b05d-19ad917736ce	6306273216	failed	2026-09-18T00:26:09.182615-04:00	2026-09-18T00:26:10.545721-04:00	2026-09-18T00:26:11.775810-04:00	1	1	34
job-2609107a6cb1	001640	sub-Barto/Barto2022-08-23_12-53-41.nwb	aind+ephys	v1.2.4	1cbdbee	7940dfd	v0.3.49	a5692e10-6c9f-42ca-b05d-19ad917736ce	6306273216	failed	2026-09-16T14:24:10.235431-04:00	2026-09-16T14:24:10.094319-04:00	2026-09-16T14:24:12.037342-04:00	0	2	34
job-260722a7cc18	001640	sub-Barto/Barto2022-08-31_13-30-32.nwb	aind+ephys	v1.2.4	1cbdbee	7940dfd	v0.3.49	e41087db-d9ab-4993-8136-479bb3269e21	5386363024	failed	2026-09-18T00:26:14.855381-04:00	2026-09-18T00:26:15.379382-04:00	2026-09-18T00:26:17.102216-04:00	1	2	189
job-260910a7cc18	001640	sub-Barto/Barto2022-08-31_13-30-32.nwb	aind+ephys	v1.2.4	1cbdbee	7940dfd	v0.3.49	e41087db-d9ab-4993-8136-479bb3269e21	5386363024	failed	2026-09-16T14:24:13.161180-04:00	2026-09-16T14:24:14.661954-04:00	2026-09-16T14:24:16.237191-04:00	2	2	189
job-26061192ac98	001640	sub-Barto/Barto2022-09-12_20-23-50.nwb	aind+ephys	v1.2.2	1cbdbee	7940dfd	v0.3.28	adba7fda-1d47-44fe-ab84-9de5f99a7e84	3948284519	failed	2026-09-18T00:26:19.961476-04:00	2026-09-18T00:26:21.245983-04:00	2026-09-18T00:26:22.456557-04:00	1	1	554
job-26091092ac98	001640	sub-Barto/Barto2022-09-12_20-23-50.nwb	aind+ephys	v1.2.2	1cbdbee	7940dfd	v0.3.28	adba7fda-1d47-44fe-ab84-9de5f99a7e84	3948284519	failed	2026-09-16T14:24:17.908017-04:00	2026-09-16T14:24:17.999090-04:00	2026-09-16T14:24:21.018850-04:00	0	3	554
job-2607119d79d6	001678	sub-2021-11-30/sub-2021-11-30_ses-20211130T130033_ecephys.nwb	aind+ephys	v1.2.4	1cbdbee	7940dfd	v0.3.49	72fdf1eb-7a55-4f31-a87c-3b56462baa9d	96096732	failed	2026-09-18T00:26:25.537696-04:00	2026-09-18T00:26:26.598082-04:00	2026-09-18T00:26:27.907424-04:00	1	1	33
job-2609109d79d6	001678	sub-2021-11-30/sub-2021-11-30_ses-20211130T130033_ecephys.nwb	aind+ephys	v1.2.4	1cbdbee	7940dfd	v0.3.49	72fdf1eb-7a55-4f31-a87c-3b56462baa9d	96096732	failed	2026-09-16T14:24:22.346450-04:00	2026-09-16T14:24:22.493059-04:00	2026-09-16T14:24:24.268968-04:00	0	2	33
job-260711a3a919	001678	sub-2021-12-01/sub-2021-12-01_ses-20211201T130935_ecephys.nwb	aind+ephys	v1.2.4	1cbdbee	7940dfd	v0.3.49	7f3ac3c8-b7e2-486c-a2a6-36dbaabebb06	80168158	failed	2026-09-18T00:26:31.072185-04:00	2026-09-18T00:26:32.441938-04:00	2026-09-18T00:26:33.733939-04:00	1	1	69
job-260910a3a919	001678	sub-2021-12-01/sub-2021-12-01_ses-20211201T130935_ecephys.nwb	aind+ephys	v1.2.4	1cbdbee	7940dfd	v0.3.49	7f3ac3c8-b7e2-486c-a2a6-36dbaabebb06	80168158	failed	2026-09-16T14:24:25.722118-04:00	2026-09-16T14:24:25.756688-04:00	2026-09-16T14:24:27.703648-04:00	0	2	69
job-260611717bd0	001678	sub-2021-12-07/sub-2021-12-07_ses-20211207T130508_ecephys.nwb	aind+ephys	v1.2.2	1cbdbee	7940dfd	v0.3.28	710a3e0f-4a83-410f-8d16-1c022b0419c5	117322058	failed	2026-09-18T00:26:36.714978-04:00	2026-09-18T00:26:37.052231-04:00	2026-09-18T00:26:39.159364-04:00	0	2	219
job-260910717bd0	001678	sub-2021-12-07/sub-2021-12-07_ses-20211207T130508_ecephys.nwb	aind+ephys	v1.2.2	1cbdbee	7940dfd	v0.3.28	710a3e0f-4a83-410f-8d16-1c022b0419c5	117322058	failed	2026-09-16T14:24:29.093702-04:00	2026-09-16T14:24:29.800742-04:00	2026-09-16T14:24:31.994114-04:00	1	2	219
job-26092572f6b1	001678	sub-2021-12-15/sub-2021-12-15_ses-20211215T121446_ecephys.nwb	lfp	v0.9.5	2f6768c		v0.9.5	e2c7b0cf-5b9f-46d0-8d3b-58bc909e648e	117278668	stalled	2026-09-27T12:35:52.188812-04:00	2026-09-27T12:35:52.162689-04:00		0		
job-2607222f9a15	001678	sub-2023-04-28/sub-2023-04-28_ses-20230428T122513_ecephys.nwb	aind+ephys	v1.2.4	1cbdbee	7940dfd	v0.3.49	184665ff-0d2a-4ac5-b50a-21210f7372c4	3907475007	failed	2026-09-18T00:26:42.177796-04:00	2026-09-18T00:26:42.259321-04:00	2026-09-18T00:26:44.395894-04:00	0	2	190
job-2609102f9a15	001678	sub-2023-04-28/sub-2023-04-28_ses-20230428T122513_ecephys.nwb	aind+ephys	v1.2.4	1cbdbee	7940dfd	v0.3.49	184665ff-0d2a-4ac5-b50a-21210f7372c4	3907475007	failed	2026-09-16T14:24:33.627809-04:00	2026-09-16T14:24:33.571761-04:00	2026-09-16T14:24:35.152115-04:00	0	2	190
job-26072437a17f	001678	sub-2023-05-01/sub-2023-05-01_ses-20230501T130910_ecephys.nwb	aind+ephys	v1.2.4	1cbdbee	7940dfd	v0.3.49	75365233-7520-40bb-a689-030ee9f74d45	4072145775	failed	2026-09-18T00:26:47.312306-04:00	2026-09-18T00:26:48.667287-04:00	2026-09-18T00:26:49.929625-04:00	1	1	4085
job-26091037a17f	001678	sub-2023-05-01/sub-2023-05-01_ses-20230501T130910_ecephys.nwb	aind+ephys	v1.2.4	1cbdbee	7940dfd	v0.3.49	75365233-7520-40bb-a689-030ee9f74d45	4072145775	failed	2026-09-16T14:24:36.754326-04:00	2026-09-16T14:24:36.807866-04:00	2026-09-16T14:24:39.965374-04:00	0	3	4085
job-2607135dc53f	001678	sub-2023-05-08/sub-2023-05-08_ses-20230508T120132_ecephys.nwb	aind+ephys	v1.2.4	1cbdbee	7940dfd	v0.3.49	332015c2-0d48-4a3b-9d4b-711fe077c53c	4352580956	failed	2026-09-18T00:26:53.236445-04:00	2026-09-18T00:26:54.568828-04:00	2026-09-18T00:26:55.963948-04:00	1	1	130
job-2609105dc53f	001678	sub-2023-05-08/sub-2023-05-08_ses-20230508T120132_ecephys.nwb	aind+ephys	v1.2.4	1cbdbee	7940dfd	v0.3.49	332015c2-0d48-4a3b-9d4b-711fe077c53c	4352580956	failed	2026-09-16T14:24:41.565628-04:00	2026-09-16T14:24:41.546612-04:00	2026-09-16T14:24:43.684335-04:00	0	2	130
job-260716e0fae0	001678	sub-2023-06-07/sub-2023-06-07_ses-20230607T122751_ecephys.nwb	aind+ephys	v1.2.4	1cbdbee	7940dfd	v0.3.49	bf08b7e7-9139-48fb-9d29-3fdfb3dd876c	5145071288	failed	2026-09-18T00:26:59.237253-04:00	2026-09-18T00:27:00.839801-04:00	2026-09-18T00:27:02.521645-04:00	2	2	2096
job-260910e0fae0	001678	sub-2023-06-07/sub-2023-06-07_ses-20230607T122751_ecephys.nwb	aind+ephys	v1.2.4	1cbdbee	7940dfd	v0.3.49	bf08b7e7-9139-48fb-9d29-3fdfb3dd876c	5145071288	failed	2026-09-16T14:24:44.912877-04:00	2026-09-16T14:24:46.581043-04:00	2026-09-16T14:24:48.401119-04:00	2	2	2096
job-260611769953	001678	sub-2023-06-27/sub-2023-06-27_ses-20230627T121304_ecephys.nwb	aind+ephys	v1.2.2	1cbdbee	0d4bf36	v0.3.27	f7a894e7-7126-4877-8f66-99753ce84468	4431241824	failed	2026-09-18T00:27:05.566818-04:00	2026-09-18T00:27:07.084336-04:00	2026-09-18T00:27:08.464666-04:00	2	1	309
job-260910769953	001678	sub-2023-06-27/sub-2023-06-27_ses-20230627T121304_ecephys.nwb	aind+ephys	v1.2.2	1cbdbee	0d4bf36	v0.3.27	f7a894e7-7126-4877-8f66-99753ce84468	4431241824	failed	2026-09-16T14:24:50.010388-04:00	2026-09-16T14:24:49.973360-04:00	2026-09-16T14:24:53.013398-04:00	0	3	309
job-2606118d2fcb	001678	sub-2023-08-01/sub-2023-08-01_ses-20230801T123418_ecephys.nwb	aind+ephys	v1.2.2	1cbdbee	0d4bf36	v0.3.27	5b9ce762-3aa9-4782-9680-e32d79bc3f11	4140057427	failed	2026-09-18T00:27:11.497986-04:00	2026-09-18T00:27:12.489841-04:00	2026-09-18T00:27:13.862421-04:00	1	1	1513
job-2609108d2fcb	001678	sub-2023-08-01/sub-2023-08-01_ses-20230801T123418_ecephys.nwb	aind+ephys	v1.2.2	1cbdbee	0d4bf36	v0.3.27	5b9ce762-3aa9-4782-9680-e32d79bc3f11	4140057427	failed	2026-09-16T14:24:54.090352-04:00	2026-09-16T14:24:55.352918-04:00	2026-09-16T14:24:57.102951-04:00	1	2	1513
job-260711e32b3b	001678	sub-2023-08-03/sub-2023-08-03_ses-20230803T121250_ecephys.nwb	aind+ephys	v1.2.4	1cbdbee	7940dfd	v0.3.49	d23079b9-8827-4c53-babc-b8955a8ec7c2	4618959300	failed	2026-09-18T00:27:17.083693-04:00	2026-09-18T00:27:17.779509-04:00	2026-09-18T00:27:19.687634-04:00	1	2	69
job-260910e32b3b	001678	sub-2023-08-03/sub-2023-08-03_ses-20230803T121250_ecephys.nwb	aind+ephys	v1.2.4	1cbdbee	7940dfd	v0.3.49	d23079b9-8827-4c53-babc-b8955a8ec7c2	4618959300	failed	2026-09-16T14:24:58.699276-04:00	2026-09-16T14:24:58.717784-04:00	2026-09-16T14:25:02.892009-04:00	0	4	69
job-26090971de3f	001687	sub-Ephys127/sub-Ephys127_ses-20250324-sp-session-1_ecephys.nwb	aind+ephys	v1.3.2	4e89ec7	7940dfd	v0.3.54	2e3a4ea6-f5d0-4bc5-a564-aa35f7415553	3632428807	failed	2026-09-18T00:27:22.457535-04:00	2026-09-18T00:27:23.877645-04:00	2026-09-18T00:27:25.179288-04:00	1	1	34
job-26091071de3f	001687	sub-Ephys127/sub-Ephys127_ses-20250324-sp-session-1_ecephys.nwb	aind+ephys	v1.3.2	4e89ec7	7940dfd	v0.3.54	2e3a4ea6-f5d0-4bc5-a564-aa35f7415553	3632428807	failed	2026-09-16T14:25:04.494768-04:00	2026-09-16T14:25:04.582837-04:00	2026-09-16T14:25:06.098002-04:00	0	2	34
job-2609255845be	001687	sub-Ephys22/sub-Ephys22_ses-20221212-sp-session-2_ecephys.nwb	aind+ephys	1.3.3	4e89ec7	7940dfd	v0.9.5	35672f75-dbf8-48dc-a00b-01337110f2b0	6054101488	failed	2026-09-27T11:48:45.778840-04:00	2026-09-27T11:48:46.834302-04:00	2026-09-27T11:48:47.635445-04:00	1	1	69
job-260928e31285	001687	sub-Ephys22/sub-Ephys22_ses-20221212-sp-session-2_ecephys.nwb	aind+ephys	1.3.3	440c8c2	ccc54dc	v0.9.7	35672f75-dbf8-48dc-a00b-01337110f2b0	6054101488	pending	2026-09-28T10:56:22.850839-04:00					
job-26061122cba4	001688	sub-Godzilla/sub-Godzilla_ses-20221116-5-godzilla-speed10-incline00_behavior+ecephys.nwb	aind+ephys	v1.2.2	1cbdbee	7940dfd	v0.3.28	19ffa0fc-6c21-4769-9e71-44aab5fbc500	80033448	failed	2026-09-18T00:27:28.604683-04:00	2026-09-18T00:27:30.344326-04:00	2026-09-18T00:27:31.903884-04:00	2	2	793
job-260716ddfa54	001688	sub-Godzilla/sub-Godzilla_ses-20221116-5-godzilla-speed10-incline00_behavior+ecephys.nwb	aind+ephys	v1.2.4	1cbdbee	7940dfd	v0.3.49	19ffa0fc-6c21-4769-9e71-44aab5fbc500	80033448	failed	2026-09-18T00:27:33.253470-04:00	2026-09-18T00:27:33.221600-04:00	2026-09-18T00:27:35.003448-04:00	0	2	647
job-260722ddfa54	001688	sub-Godzilla/sub-Godzilla_ses-20221116-5-godzilla-speed10-incline00_behavior+ecephys.nwb	aind+ephys	v1.2.4	1cbdbee	7940dfd	v0.3.49	19ffa0fc-6c21-4769-9e71-44aab5fbc500	80033448	failed	2026-09-18T00:27:36.698719-04:00	2026-09-18T00:27:38.221042-04:00	2026-09-18T00:27:39.958820-04:00	2	2	194
job-260724ddfa54	001688	sub-Godzilla/sub-Godzilla_ses-20221116-5-godzilla-speed10-incline00_behavior+ecephys.nwb	aind+ephys	v1.2.4	1cbdbee	7940dfd	v0.3.49	19ffa0fc-6c21-4769-9e71-44aab5fbc500	80033448	failed	2026-09-18T00:27:41.312651-04:00	2026-09-18T00:27:41.377846-04:00	2026-09-18T00:27:42.852004-04:00	0	1	8320
job-26091022cba4	001688	sub-Godzilla/sub-Godzilla_ses-20221116-5-godzilla-speed10-incline00_behavior+ecephys.nwb	aind+ephys	v1.2.2	1cbdbee	7940dfd	v0.3.28	19ffa0fc-6c21-4769-9e71-44aab5fbc500	80033448	failed	2026-09-16T14:25:07.880042-04:00	2026-09-16T14:25:07.917563-04:00	2026-09-16T14:25:10.821835-04:00	0	3	793
job-2609256de809	001688	sub-Godzilla/sub-Godzilla_ses-20221116-5-godzilla-speed10-incline00_behavior+ecephys.nwb	lfp	v0.9.5	2f6768c		v0.9.5	19ffa0fc-6c21-4769-9e71-44aab5fbc500	80033448	stalled	2026-09-27T12:36:00.321684-04:00	2026-09-27T12:36:00.314230-04:00		0		
job-260611412fe1	001688	sub-Godzilla/sub-Godzilla_ses-20221116-9-godzilla-speed10-incline00_behavior+ecephys.nwb	aind+ephys	v1.2.2	1cbdbee	0d4bf36	v0.3.25	6f90d605-b86a-4d9b-b4c5-5c5b350fc08b	55538292	failed	2026-09-18T00:27:49.469609-04:00	2026-09-18T00:27:50.539779-04:00	2026-09-18T00:27:52.132999-04:00	1	2	959
job-26061197bbb7	001688	sub-Godzilla/sub-Godzilla_ses-20221116-9-godzilla-speed10-incline00_behavior+ecephys.nwb	aind+ephys	v1.2.2	1cbdbee	7940dfd	v0.3.28	6f90d605-b86a-4d9b-b4c5-5c5b350fc08b	55538292	failed	2026-09-18T00:27:53.788317-04:00	2026-09-18T00:27:53.771922-04:00	2026-09-18T00:27:56.421206-04:00	0	3	369
job-260910412fe1	001688	sub-Godzilla/sub-Godzilla_ses-20221116-9-godzilla-speed10-incline00_behavior+ecephys.nwb	aind+ephys	v1.2.2	1cbdbee	0d4bf36	v0.3.25	6f90d605-b86a-4d9b-b4c5-5c5b350fc08b	55538292	failed	2026-09-16T14:25:17.465567-04:00	2026-09-16T14:25:17.518107-04:00	2026-09-16T14:25:21.053240-04:00	0	4	959
job-26091097bbb7	001688	sub-Godzilla/sub-Godzilla_ses-20221116-9-godzilla-speed10-incline00_behavior+ecephys.nwb	aind+ephys	v1.2.2	1cbdbee	7940dfd	v0.3.28	6f90d605-b86a-4d9b-b4c5-5c5b350fc08b	55538292	failed	2026-09-16T14:25:23.098069-04:00	2026-09-16T14:25:23.123112-04:00	2026-09-16T14:25:26.465234-04:00	0	3	369
job-260925ac7b05	001699	sub-H3001/sub-H3001_ses-200202_behavior+ecephys.nwb	aind+ephys	1.3.3	4e89ec7	7940dfd	v0.9.5	049761b4-6a88-42dc-98a0-5a8be7ba6bd9	12059202522	failed	2026-09-27T11:48:56.120326-04:00	2026-09-27T11:48:56.448006-04:00	2026-09-27T11:48:57.765849-04:00	0	1	1296
job-260925ad5873	001699	sub-H3001/sub-H3001_ses-200202_behavior+ecephys.nwb	lfp	v0.9.5	2f6768c		v0.9.5	049761b4-6a88-42dc-98a0-5a8be7ba6bd9	12059202522	stalled	2026-09-27T12:36:09.126310-04:00	2026-09-27T12:36:09.112752-04:00		0		
job-2609285dc583	001747	sub-chip19894/sub-chip19894_ses-recording001_ecephys.nwb	aind+ephys	1.3.3	440c8c2	ccc54dc	v0.9.7	4a47483b-8fe1-4ba0-acc9-ef8810c3e548	7991093228	pending	2026-09-28T10:56:30.399702-04:00					
job-260611244955	001747	sub-chip19894/sub-chip19894_ses-recording015_ecephys.nwb	aind+ephys	v1.2.2	1cbdbee	0d4bf36	v0.3.27	df3bd5fe-015a-4945-bc41-15df0c9eb9d9	9891554987	failed	2026-09-18T00:28:01.643527-04:00	2026-09-18T00:28:03.495545-04:00	2026-09-18T00:28:04.839289-04:00	2	1	404
job-260910244955	001747	sub-chip19894/sub-chip19894_ses-recording015_ecephys.nwb	aind+ephys	v1.2.2	1cbdbee	0d4bf36	v0.3.27	df3bd5fe-015a-4945-bc41-15df0c9eb9d9	9891554987	failed	2026-09-16T14:25:28.530956-04:00	2026-09-16T14:25:28.677160-04:00	2026-09-16T14:25:30.485103-04:00	0	2	404
job-26062271a9df	001747	sub-chip19894/sub-chip19894_ses-recording026_ecephys.nwb	aind+ephys	v1.2.4	1cbdbee	7940dfd	v0.3.42	a156e7db-b291-4b01-a05c-84a834be27b9	10707424970	failed	2026-09-18T00:28:07.955819-04:00	2026-09-18T00:28:09.191605-04:00	2026-09-18T00:28:09.271878-04:00	1	0	
job-26091071a9df	001747	sub-chip19894/sub-chip19894_ses-recording026_ecephys.nwb	aind+ephys	v1.2.4	1cbdbee	7940dfd	v0.3.42	a156e7db-b291-4b01-a05c-84a834be27b9	10707424970	failed	2026-09-16T14:25:32.515594-04:00	2026-09-16T14:25:32.593179-04:00	2026-09-16T14:25:35.109772-04:00	0	3	
job-2606125e3556	001747	sub-chip19894/sub-chip19894_ses-recording028_ecephys.nwb	aind+ephys	v1.2.2	1cbdbee	7940dfd	v0.3.34	73ce4e7f-155c-4d59-b5b0-e5653968089a	10766647110	failed	2026-09-18T00:28:12.083184-04:00	2026-09-18T00:28:12.252921-04:00	2026-09-18T00:28:14.838758-04:00	0	3	102
job-2609105e3556	001747	sub-chip19894/sub-chip19894_ses-recording028_ecephys.nwb	aind+ephys	v1.2.2	1cbdbee	7940dfd	v0.3.34	73ce4e7f-155c-4d59-b5b0-e5653968089a	10766647110	failed	2026-09-16T14:25:37.025127-04:00	2026-09-16T14:25:36.976038-04:00	2026-09-16T14:25:40.941082-04:00	0	4	102
job-260713ebe549	001747	sub-chip19894/sub-chip19894_ses-recording035_ecephys.nwb	aind+ephys	v1.2.4	1cbdbee	7940dfd	v0.3.49	9f1ad649-05d8-4363-87ec-2737820e594b	10577871349	failed	2026-09-18T00:28:17.630423-04:00	2026-09-18T00:28:18.366470-04:00	2026-09-18T00:28:19.807856-04:00	1	1	184
job-260910ebe549	001747	sub-chip19894/sub-chip19894_ses-recording035_ecephys.nwb	aind+ephys	v1.2.4	1cbdbee	7940dfd	v0.3.49	9f1ad649-05d8-4363-87ec-2737820e594b	10577871349	failed	2026-09-16T14:25:43.230282-04:00	2026-09-16T14:25:43.205733-04:00	2026-09-16T14:25:45.867961-04:00	0	3	184
job-2606110d09ee	001747	sub-chip19894/sub-chip19894_ses-recording056_ecephys.nwb	aind+ephys	v1.2.2	1cbdbee	0d4bf36	v0.3.24	6b37a3ad-0ed7-44d5-9547-c27242da80f6	10723193243	failed	2026-09-18T00:28:22.954376-04:00	2026-09-18T00:28:24.459975-04:00	2026-09-18T00:28:25.827685-04:00	2	1	784
job-2609100d09ee	001747	sub-chip19894/sub-chip19894_ses-recording056_ecephys.nwb	aind+ephys	v1.2.2	1cbdbee	0d4bf36	v0.3.24	6b37a3ad-0ed7-44d5-9547-c27242da80f6	10723193243	failed	2026-09-16T14:25:47.229856-04:00	2026-09-16T14:25:49.227941-04:00	2026-09-16T14:25:51.248753-04:00	2	2	784
job-2606117b7a03	001747	sub-chip19894/sub-chip19894_ses-recording082_ecephys.nwb	aind+ephys	v1.2.2	1cbdbee	7940dfd	v0.3.34	bfe4cea5-4154-4572-962b-9115a271b977	10515828344	failed	2026-09-18T00:28:29.183067-04:00	2026-09-18T00:28:30.730431-04:00	2026-09-18T00:28:31.932762-04:00	2	1	70
job-2609107b7a03	001747	sub-chip19894/sub-chip19894_ses-recording082_ecephys.nwb	aind+ephys	v1.2.2	1cbdbee	7940dfd	v0.3.34	bfe4cea5-4154-4572-962b-9115a271b977	10515828344	failed	2026-09-16T14:25:53.237299-04:00	2026-09-16T14:25:53.142190-04:00	2026-09-16T14:25:56.813152-04:00	0	4	70
job-26092520bcc3	001747	sub-chip19894/sub-chip19894_ses-recording100_ecephys.nwb	lfp	v0.9.5	2f6768c		v0.9.5	23f44ad3-03b9-46d3-9119-e134f5439554	10562795477	stalled	2026-09-27T12:36:17.430796-04:00	2026-09-27T12:36:17.598935-04:00		0		
job-260925bb810c	001747	sub-chip19894/sub-chip19894_ses-recording103_ecephys.nwb	aind+ephys	1.3.3	4e89ec7	7940dfd	v0.9.5	0739c079-730e-4f94-8968-ac8a762e87a9	10417674068	failed	2026-09-27T11:49:06.083609-04:00	2026-09-27T11:49:06.439465-04:00	2026-09-27T11:49:07.731237-04:00	0	1	158
job-2606221818fb	001747	sub-chip19894/sub-chip19894_ses-recording111_ecephys.nwb	aind+ephys	v1.2.4	1cbdbee	7940dfd	v0.3.42	98fbb122-7534-4145-927c-78b480bb1e47	10152775601	failed	2026-09-18T00:28:35.090527-04:00	2026-09-18T00:28:36.540646-04:00	2026-09-18T00:28:36.660737-04:00	1	0	
job-2607061818fb	001747	sub-chip19894/sub-chip19894_ses-recording111_ecephys.nwb	aind+ephys	v1.2.4	1cbdbee	7940dfd	v0.3.46	98fbb122-7534-4145-927c-78b480bb1e47	10152775601	failed	2026-09-18T00:28:38.031384-04:00	2026-09-18T00:28:38.693911-04:00	2026-09-18T00:28:40.613725-04:00	1	2	189
job-2606131fab07	001747	sub-chip19894/sub-chip19894_ses-recording112_ecephys.nwb	aind+ephys	v1.2.2	1cbdbee	7940dfd	v0.3.34	054734b4-61fd-4a5f-b87c-5763f75442bc	10102135041	failed	2026-09-18T00:28:43.083673-04:00	2026-09-18T00:28:44.302825-04:00	2026-09-18T00:28:45.758038-04:00	1	1	69
job-2609101fab07	001747	sub-chip19894/sub-chip19894_ses-recording112_ecephys.nwb	aind+ephys	v1.2.2	1cbdbee	7940dfd	v0.3.34	054734b4-61fd-4a5f-b87c-5763f75442bc	10102135041	failed	2026-09-16T14:26:01.978992-04:00	2026-09-16T14:26:04.402355-04:00	2026-09-16T14:26:06.348090-04:00	2	2	69
job-260622eca98d	001747	sub-chip19894/sub-chip19894_ses-recording133_ecephys.nwb	aind+ephys	v1.2.4	1cbdbee	7940dfd	v0.3.42	e4f9cd62-7104-48b9-9638-f663454cd9db	9444622165	failed	2026-09-18T00:28:49.419048-04:00	2026-09-18T00:28:50.816096-04:00	2026-09-18T00:28:50.868263-04:00	1	0	
job-260910eca98d	001747	sub-chip19894/sub-chip19894_ses-recording133_ecephys.nwb	aind+ephys	v1.2.4	1cbdbee	7940dfd	v0.3.42	e4f9cd62-7104-48b9-9638-f663454cd9db	9444622165	failed	2026-09-16T14:26:08.281367-04:00	2026-09-16T14:26:08.255830-04:00	2026-09-16T14:26:10.215645-04:00	0	2	
job-26070639438d	001747	sub-chip19894/sub-chip19894_ses-recording141_ecephys.nwb	aind+ephys	v1.2.4	1cbdbee	7940dfd	v0.3.46	98e35c09-4497-454c-9b75-6cda0bb15217	10137287039	failed	2026-09-18T00:28:54.065298-04:00	2026-09-18T00:28:54.766564-04:00	2026-09-18T00:28:56.743986-04:00	1	2	287
job-26091039438d	001747	sub-chip19894/sub-chip19894_ses-recording141_ecephys.nwb	aind+ephys	v1.2.4	1cbdbee	7940dfd	v0.3.46	98e35c09-4497-454c-9b75-6cda0bb15217	10137287039	failed	2026-09-16T14:26:12.315314-04:00	2026-09-16T14:26:12.340853-04:00	2026-09-16T14:26:15.109445-04:00	0	3	287
job-260716f0f14f	001747	sub-chip19894/sub-chip19894_ses-recording144_ecephys.nwb	aind+ephys	v1.2.4	1cbdbee	7940dfd	v0.3.49	98da1d69-73da-41bd-870c-d05d7bc514da	10410362434	failed	2026-09-18T00:28:59.968179-04:00	2026-09-18T00:29:01.285757-04:00	2026-09-18T00:29:02.920878-04:00	1	2	378
job-260910f0f14f	001747	sub-chip19894/sub-chip19894_ses-recording144_ecephys.nwb	aind+ephys	v1.2.4	1cbdbee	7940dfd	v0.3.49	98da1d69-73da-41bd-870c-d05d7bc514da	10410362434	failed	2026-09-16T14:26:16.358229-04:00	2026-09-16T14:26:18.436253-04:00	2026-09-16T14:26:20.372078-04:00	2	2	378
job-260621bbc708	001747	sub-chip19894/sub-chip19894_ses-recording147_ecephys.nwb	aind+ephys	v1.2.4	1cbdbee	7940dfd	v0.3.39	26b79b88-53f9-4da0-9c8e-3f38790c14a8	10061925176	failed	2026-09-18T00:29:06.126606-04:00	2026-09-18T00:29:07.808149-04:00	2026-09-18T00:29:09.142728-04:00	2	1	1784
job-260910bbc708	001747	sub-chip19894/sub-chip19894_ses-recording147_ecephys.nwb	aind+ephys	v1.2.4	1cbdbee	7940dfd	v0.3.39	26b79b88-53f9-4da0-9c8e-3f38790c14a8	10061925176	failed	2026-09-16T14:26:22.475004-04:00	2026-09-16T14:26:22.341832-04:00	2026-09-16T14:26:26.436702-04:00	0	4	1784
job-260611011915	001747	sub-chip19894/sub-chip19894_ses-recording154_ecephys.nwb	aind+ephys	v1.2.2	1cbdbee	7940dfd	v0.3.28	d36fe945-2829-4203-a179-99644b7d0f9b	9218210427	failed	2026-09-18T00:29:12.438678-04:00	2026-09-18T00:29:13.997028-04:00	2026-09-18T00:29:15.475024-04:00	2	1	404
job-260910011915	001747	sub-chip19894/sub-chip19894_ses-recording154_ecephys.nwb	aind+ephys	v1.2.2	1cbdbee	7940dfd	v0.3.28	d36fe945-2829-4203-a179-99644b7d0f9b	9218210427	failed	2026-09-16T14:26:28.605366-04:00	2026-09-16T14:26:28.528232-04:00	2026-09-16T14:26:30.523238-04:00	0	2	404
job-260613029e65	001747	sub-chip19894/sub-chip19894_ses-recording160_ecephys.nwb	aind+ephys	v1.2.2	1cbdbee	7940dfd	v0.3.34	7e5a29fb-4171-4966-98eb-c5a97324301a	8652440159	failed	2026-09-18T00:29:18.755052-04:00	2026-09-18T00:29:19.424981-04:00	2026-09-18T00:29:21.247971-04:00	1	2	69
job-260910029e65	001747	sub-chip19894/sub-chip19894_ses-recording160_ecephys.nwb	aind+ephys	v1.2.2	1cbdbee	7940dfd	v0.3.34	7e5a29fb-4171-4966-98eb-c5a97324301a	8652440159	failed	2026-09-16T14:26:32.576173-04:00	2026-09-16T14:26:32.600219-04:00	2026-09-16T14:26:36.386908-04:00	0	4	69
job-260925f8e4ab	001765	sourcedata/sub-NP02/ecephys/sub-NP02_ecephys.nwb	aind+ephys	1.3.3	4e89ec7	7940dfd	v0.9.5	c1f5bf6d-9ff8-4fc4-803d-e13571311622	113998372576	failed	2026-09-27T11:49:15.868449-04:00	2026-09-27T11:49:16.200652-04:00	2026-09-27T11:49:17.520583-04:00	0	1	192
job-260928f8d396	001765	sourcedata/sub-NP02/ecephys/sub-NP02_ecephys.nwb	aind+ephys	1.3.3	440c8c2	ccc54dc	v0.9.7	c1f5bf6d-9ff8-4fc4-803d-e13571311622	113998372576	pending	2026-09-28T10:56:38.029016-04:00					
job-2607137c88e8	001765	sourcedata/sub-NP04/ecephys/sub-NP04_ecephys.nwb	aind+ephys	v1.2.4	1cbdbee	7940dfd	v0.3.49	d763d7c6-475e-4887-97bc-4976d0375ce3	166742941575	failed	2026-09-18T00:29:24.804268-04:00	2026-09-18T00:29:25.819285-04:00	2026-09-18T00:29:27.169949-04:00	1	1	242
job-2607137c88e8-2	001765	sourcedata/sub-NP04/ecephys/sub-NP04_ecephys.nwb	aind+ephys	v1.2.4	1cbdbee	7940dfd	v0.3.49	d763d7c6-475e-4887-97bc-4976d0375ce3	166742941575	failed	2026-09-18T00:29:28.498128-04:00	2026-09-18T00:29:28.821512-04:00	2026-09-18T00:29:30.405824-04:00	0	2	194
job-26090967d2e7	001765	sourcedata/sub-NP07/ecephys/sub-NP07_ecephys.nwb	aind+ephys	v1.3.2	4e89ec7	7940dfd	v0.3.54	c64fb18c-ffa5-4eb5-98ed-4c6c2047ab7a	175036988310	failed	2026-09-18T00:29:33.599260-04:00	2026-09-18T00:29:34.415279-04:00	2026-09-18T00:29:35.915975-04:00	1	2	34
job-26091067d2e7	001765	sourcedata/sub-NP07/ecephys/sub-NP07_ecephys.nwb	aind+ephys	v1.3.2	4e89ec7	7940dfd	v0.3.54	c64fb18c-ffa5-4eb5-98ed-4c6c2047ab7a	175036988310	failed	2026-09-16T14:26:43.152561-04:00	2026-09-16T14:26:44.184546-04:00	2026-09-16T14:26:47.074793-04:00	1	3	34
job-26061171916f	001765	sub-NP06/sub-NP06_ecephys.nwb	aind+ephys	v1.2.2	1cbdbee	7940dfd	v0.3.28			failed	2026-09-18T00:29:39.326644-04:00	2026-09-18T00:29:41.055466-04:00	2026-09-18T00:29:42.758726-04:00	2	2	919
job-26061171916f-2	001765	sub-NP06/sub-NP06_ecephys.nwb	aind+ephys	v1.2.2	1cbdbee	7940dfd	v0.3.28			failed	2026-09-18T00:29:44.194495-04:00	2026-09-18T00:29:44.268068-04:00	2026-09-18T00:29:46.114121-04:00	0	2	734
job-26061171916f-3	001765	sub-NP06/sub-NP06_ecephys.nwb	aind+ephys	v1.2.2	1cbdbee	7940dfd	v0.3.28			failed	2026-09-18T00:29:46.920369-04:00	2026-09-18T00:29:48.007021-04:00	2026-09-18T00:29:49.828207-04:00	1	2	445
job-26061171916f-4	001765	sub-NP06/sub-NP06_ecephys.nwb	aind+ephys	v1.2.2	1cbdbee	7940dfd	v0.3.28			failed	2026-09-18T00:29:51.442751-04:00	2026-09-18T00:29:51.371958-04:00	2026-09-18T00:29:53.623377-04:00	0	2	770
job-26061171916f-5	001765	sub-NP06/sub-NP06_ecephys.nwb	aind+ephys	v1.2.2	1cbdbee	7940dfd	v0.3.28			failed	2026-09-18T00:29:55.037496-04:00	2026-09-18T00:29:56.001498-04:00	2026-09-18T00:29:57.879510-04:00	1	2	499
job-260611d00db9	001765	sub-NP06/sub-NP06_ecephys.nwb	aind+ephys	v1.2.2	1cbdbee	0d4bf36	v0.3.25			failed	2026-09-18T00:29:58.555809-04:00	2026-09-18T00:29:59.248927-04:00	2026-09-18T00:30:00.880799-04:00	1	2	764
job-260611d00db9-2	001765	sub-NP06/sub-NP06_ecephys.nwb	aind+ephys	v1.2.2	1cbdbee	0d4bf36	v0.3.27			failed	2026-09-18T00:30:04.072254-04:00	2026-09-18T00:30:04.023751-04:00	2026-09-18T00:30:06.286189-04:00	0	2	799
job-2607157efe4f	001788	sub-BPO5/sub-BPO5_ses-250825-BPO5-day2_ecephys.nwb	aind+ephys	v1.2.4	1cbdbee	7940dfd	v0.3.49	765963cc-3139-4ea8-afc8-4507c9a796e1	10411248007	failed	2026-09-18T00:30:14.882191-04:00	2026-09-18T00:30:15.002313-04:00	2026-09-18T00:30:17.454694-04:00	0	2	567
job-2609107efe4f	001788	sub-BPO5/sub-BPO5_ses-250825-BPO5-day2_ecephys.nwb	aind+ephys	v1.2.4	1cbdbee	7940dfd	v0.3.49	765963cc-3139-4ea8-afc8-4507c9a796e1	10411248007	failed	2026-09-16T14:27:06.343312-04:00	2026-09-16T14:27:07.490890-04:00	2026-09-16T14:27:09.485771-04:00	1	2	567
job-260927ebe372	001788	sub-BPP1/sub-BPP1_ses-250823-BPP1-day2_ecephys.nwb	lfp	v0.9.5	2f6768c		v0.9.5	dd2199e1-06e0-4df1-9f36-dd98d364e65b	10752244225	stalled	2026-09-27T12:36:26.252897-04:00	2026-09-27T12:36:26.207631-04:00		0		
job-26071833cd29	001788	sub-BQD3/sub-BQD3_ses-250914-BQD3-day2_ecephys.nwb	aind+ephys	v1.2.4	1cbdbee	7940dfd	v0.3.49	4ea224c7-81a0-4b09-8edb-6fb388bbd619	10642049430	failed	2026-09-18T00:30:20.955819-04:00	2026-09-18T00:30:21.115131-04:00	2026-09-18T00:30:22.929963-04:00	0	2	190
job-26091033cd29	001788	sub-BQD3/sub-BQD3_ses-250914-BQD3-day2_ecephys.nwb	aind+ephys	v1.2.4	1cbdbee	7940dfd	v0.3.49	4ea224c7-81a0-4b09-8edb-6fb388bbd619	10642049430	failed	2026-09-16T14:27:10.979976-04:00	2026-09-16T14:27:10.897387-04:00	2026-09-16T14:27:14.440696-04:00	0	4	190
job-260611be9c23	001788	sub-BQE3/sub-BQE3_ses-250912-BQE3-day1_ecephys.nwb	aind+ephys	v1.2.2	1cbdbee	0d4bf36	v0.3.27	8c0347d0-ad35-407f-a2fa-9b7640ee40c7	10379230099	failed	2026-09-18T00:30:26.322317-04:00	2026-09-18T00:30:27.777787-04:00	2026-09-18T00:30:29.150629-04:00	1	1	735
job-260910be9c23	001788	sub-BQE3/sub-BQE3_ses-250912-BQE3-day1_ecephys.nwb	aind+ephys	v1.2.2	1cbdbee	0d4bf36	v0.3.27	8c0347d0-ad35-407f-a2fa-9b7640ee40c7	10379230099	failed	2026-09-16T14:27:16.365961-04:00	2026-09-16T14:27:16.250870-04:00	2026-09-16T14:27:18.051260-04:00	0	2	735
job-260926280d74	001788	sub-BQE3/sub-BQE3_ses-250914-BQE3-day3_ecephys.nwb	lfp	v0.9.5	2f6768c		v0.9.5	a89ecd2c-6ad4-4549-b468-788fce981330	10620732917	stalled	2026-09-27T12:36:34.540357-04:00	2026-09-27T12:36:34.547595-04:00		0		
job-2606119df177	001788	sub-BQQ4/sub-BQQ4_ses-251005-BQQ4-day1_ecephys.nwb	aind+ephys	v1.2.2	1cbdbee	0d4bf36	v0.3.25	46ad0297-4846-4eca-b52b-494d4097f94c	10678806518	failed	2026-09-18T00:30:32.641730-04:00	2026-09-18T00:30:33.456519-04:00	2026-09-18T00:30:35.095245-04:00	1	2	555
job-2609109df177	001788	sub-BQQ4/sub-BQQ4_ses-251005-BQQ4-day1_ecephys.nwb	aind+ephys	v1.2.2	1cbdbee	0d4bf36	v0.3.25	46ad0297-4846-4eca-b52b-494d4097f94c	10678806518	failed	2026-09-16T14:27:19.725007-04:00	2026-09-16T14:27:19.824637-04:00	2026-09-16T14:27:23.286804-04:00	0	3	555
job-2607270c0f83	001788	sub-BQQ4/sub-BQQ4_ses-251007-BQQ4-day3_ecephys.nwb	aind+ephys	v1.2.4	1cbdbee	7940dfd	v0.3.49	a6b055f6-77f5-4787-ad93-2d369a2093a3	10457813650	failed	2026-09-18T00:30:38.454962-04:00	2026-09-18T00:30:39.920002-04:00	2026-09-18T00:30:41.244930-04:00	1	1	184
job-2609100c0f83	001788	sub-BQQ4/sub-BQQ4_ses-251007-BQQ4-day3_ecephys.nwb	aind+ephys	v1.2.4	1cbdbee	7940dfd	v0.3.49	a6b055f6-77f5-4787-ad93-2d369a2093a3	10457813650	failed	2026-09-16T14:27:25.082507-04:00	2026-09-16T14:27:25.025457-04:00	2026-09-16T14:27:27.067733-04:00	0	2	184
job-2607115a0319	001788	sub-BRD2/sub-BRD2_ses-251012-BRD2-day1_ecephys.nwb	aind+ephys	v1.2.4	1cbdbee	7940dfd	v0.3.49	de0886e3-d11a-465e-bb87-b98d2ce3bacc	10785012238	failed	2026-09-18T00:30:44.402317-04:00	2026-09-18T00:30:44.989935-04:00	2026-09-18T00:30:46.880087-04:00	1	2	34
job-2609105a0319	001788	sub-BRD2/sub-BRD2_ses-251012-BRD2-day1_ecephys.nwb	aind+ephys	v1.2.4	1cbdbee	7940dfd	v0.3.49	de0886e3-d11a-465e-bb87-b98d2ce3bacc	10785012238	failed	2026-09-16T14:27:29.021065-04:00	2026-09-16T14:27:30.831056-04:00	2026-09-16T14:27:33.395804-04:00	2	3	34
job-2606113fe59e	001788	sub-BRO4/sub-BRO4_ses-251028-BRO4-day2_ecephys.nwb	aind+ephys	v1.2.2	1cbdbee	7940dfd	v0.3.28	d9c3c2b9-bc3c-49fd-8476-f442184b4b86	10926112388	failed	2026-09-18T00:30:49.949875-04:00	2026-09-18T00:30:50.130029-04:00	2026-09-18T00:30:52.447180-04:00	0	2	804
job-2609103fe59e	001788	sub-BRO4/sub-BRO4_ses-251028-BRO4-day2_ecephys.nwb	aind+ephys	v1.2.2	1cbdbee	7940dfd	v0.3.28	d9c3c2b9-bc3c-49fd-8476-f442184b4b86	10926112388	failed	2026-09-16T14:27:36.006620-04:00	2026-09-16T14:27:35.900491-04:00	2026-09-16T14:27:38.891708-04:00	0	3	804
job-260722103be4	001788	sub-BTM2/sub-BTM2_ses-260218-BTM2-day1_ecephys.nwb	aind+ephys	v1.2.4	1cbdbee	7940dfd	v0.3.49	c94a4324-d802-4f73-8c64-69eda181406f	10614288861	failed	2026-09-18T00:30:55.211968-04:00	2026-09-18T00:30:55.770939-04:00	2026-09-18T00:30:57.621272-04:00	1	2	189
job-260910103be4	001788	sub-BTM2/sub-BTM2_ses-260218-BTM2-day1_ecephys.nwb	aind+ephys	v1.2.4	1cbdbee	7940dfd	v0.3.49	c94a4324-d802-4f73-8c64-69eda181406f	10614288861	failed	2026-09-16T14:27:40.325277-04:00	2026-09-16T14:27:42.391145-04:00	2026-09-16T14:27:44.594230-04:00	2	2	189
job-26061160b979	001788	sub-BTM3/sub-BTM3_ses-260226-BTM3-day1_ecephys.nwb	aind+ephys	v1.2.2	1cbdbee	7940dfd	v0.3.28	f6e5c266-e20e-4c68-88d5-06dc03a283e9	10599946888	failed	2026-09-18T00:31:00.741869-04:00	2026-09-18T00:31:02.534297-04:00	2026-09-18T00:31:03.873929-04:00	2	1	605
job-26091060b979	001788	sub-BTM3/sub-BTM3_ses-260226-BTM3-day1_ecephys.nwb	aind+ephys	v1.2.2	1cbdbee	7940dfd	v0.3.28	f6e5c266-e20e-4c68-88d5-06dc03a283e9	10599946888	failed	2026-09-16T14:27:46.992058-04:00	2026-09-16T14:27:46.882904-04:00	2026-09-16T14:27:51.430930-04:00	0	5	605
job-260723f32e5a	001788	sub-BTN4/sub-BTN4_ses-260220-BTN4-day1_ecephys.nwb	aind+ephys	v1.2.4	1cbdbee	7940dfd	v0.3.49	71f2d457-50b1-449d-a532-8ac2e629d410	10820829598	failed	2026-09-18T00:31:07.266535-04:00	2026-09-18T00:31:08.719726-04:00	2026-09-18T00:31:10.023181-04:00	1	1	190
job-260910f32e5a	001788	sub-BTN4/sub-BTN4_ses-260220-BTN4-day1_ecephys.nwb	aind+ephys	v1.2.4	1cbdbee	7940dfd	v0.3.49	71f2d457-50b1-449d-a532-8ac2e629d410	10820829598	failed	2026-09-16T14:27:53.789167-04:00	2026-09-16T14:27:53.734592-04:00	2026-09-16T14:27:55.929736-04:00	0	2	190
job-260717429628	001788	sub-BTT1/sub-BTT1_ses-260216-BTT1-day3_ecephys.nwb	aind+ephys	v1.2.4	1cbdbee	7940dfd	v0.3.49	88088101-96d4-4849-a628-7e3a597972dd	10842909165	failed	2026-09-18T00:31:13.097170-04:00	2026-09-18T00:31:14.422977-04:00	2026-09-18T00:31:15.662573-04:00	1	1	190
job-260910429628	001788	sub-BTT1/sub-BTT1_ses-260216-BTT1-day3_ecephys.nwb	aind+ephys	v1.2.4	1cbdbee	7940dfd	v0.3.49	88088101-96d4-4849-a628-7e3a597972dd	10842909165	failed	2026-09-16T14:27:57.951500-04:00	2026-09-16T14:27:58.060130-04:00	2026-09-16T14:28:03.714049-04:00	0	6	190
job-26061189ca66	001788	sub-BTT3/sub-BTT3_ses-260304-BTT3-day7_ecephys.nwb	aind+ephys	v1.2.2	1cbdbee	7940dfd	v0.3.28	4fb7392f-d6c6-4d3c-94c7-c20bffbdd735	10987109147	failed	2026-09-18T00:31:18.879880-04:00	2026-09-18T00:31:19.976452-04:00	2026-09-18T00:31:21.394566-04:00	1	1	879
job-26091089ca66	001788	sub-BTT3/sub-BTT3_ses-260304-BTT3-day7_ecephys.nwb	aind+ephys	v1.2.2	1cbdbee	7940dfd	v0.3.28	4fb7392f-d6c6-4d3c-94c7-c20bffbdd735	10987109147	failed	2026-09-16T14:28:05.869416-04:00	2026-09-16T14:28:05.913970-04:00	2026-09-16T14:28:07.825290-04:00	0	2	879
job-2606111a3a5d	001788	sub-BUF4/sub-BUF4_ses-260221-BUF4-day2_ecephys.nwb	aind+ephys	v1.2.2	1cbdbee	0d4bf36	v0.3.27	5f80d21f-e08e-49bf-91b2-5c916b69545e	10799952447	failed	2026-09-18T00:31:24.753420-04:00	2026-09-18T00:31:25.863310-04:00	2026-09-18T00:31:27.421365-04:00	1	2	735
job-2609101a3a5d	001788	sub-BUF4/sub-BUF4_ses-260221-BUF4-day2_ecephys.nwb	aind+ephys	v1.2.2	1cbdbee	0d4bf36	v0.3.27	5f80d21f-e08e-49bf-91b2-5c916b69545e	10799952447	failed	2026-09-16T14:28:09.433648-04:00	2026-09-16T14:28:10.479297-04:00	2026-09-16T14:28:12.784508-04:00	1	2	735
job-260611ca4b54	001827	sub-240530/sub-240530_ses-2_ecephys.nwb	aind+ephys	v1.2.2	1cbdbee	0d4bf36	v0.3.25	7ffca5a5-2d15-4f46-9ccf-9002958b4665	14719174	failed	2026-09-18T00:31:30.661394-04:00	2026-09-18T00:31:31.104347-04:00	2026-09-18T00:31:33.198372-04:00	0	2	617
job-260910ca4b54	001827	sub-240530/sub-240530_ses-2_ecephys.nwb	aind+ephys	v1.2.2	1cbdbee	0d4bf36	v0.3.25	7ffca5a5-2d15-4f46-9ccf-9002958b4665	14719174	failed	2026-09-16T14:28:14.328079-04:00	2026-09-16T14:28:14.367618-04:00	2026-09-16T14:28:16.123946-04:00	0	2	617
job-2606117d2e7d	001827	sub-240530/sub-240530_ses-8_ecephys.nwb	aind+ephys	v1.2.2	1cbdbee	7940dfd	v0.3.28	277f76ff-832d-452d-8a03-513417702949	15771899	failed	2026-09-18T00:31:36.237152-04:00	2026-09-18T00:31:37.293065-04:00	2026-09-18T00:31:38.748421-04:00	1	1	620
job-2609107d2e7d	001827	sub-240530/sub-240530_ses-8_ecephys.nwb	aind+ephys	v1.2.2	1cbdbee	7940dfd	v0.3.28	277f76ff-832d-452d-8a03-513417702949	15771899	failed	2026-09-16T14:28:17.816661-04:00	2026-09-16T14:28:17.954804-04:00	2026-09-16T14:28:21.671250-04:00	0	4	620
job-26092587bc6a	001836	sub-eliot/sub-eliot_ses-eliot-20221025_behavior+ecephys+image.nwb	lfp	v0.9.5	2f6768c		v0.9.5	57d32c07-b39c-4a40-ad03-f5739323a9ca	180156578218	stalled	2026-09-27T12:36:42.908294-04:00	2026-09-27T12:36:42.922172-04:00		0		
job-2606116f53ab	001850	sub-hCO-MEA-Fluidpocket-3/sub-hCO-MEA-Fluidpocket-3_ses-20260216T154348_ecephys+ophys.nwb	aind+ephys	v1.2.2	1cbdbee	0d4bf36	v0.3.25	6dabfd0b-86ad-41c4-9859-f683ae120996	756568807	failed	2026-09-18T00:31:41.912272-04:00	2026-09-18T00:31:43.401648-04:00	2026-09-18T00:31:44.874405-04:00	1	1	184
job-260611f34bd7	001850	sub-hCO-MEA-Fluidpocket-3/sub-hCO-MEA-Fluidpocket-3_ses-20260216T154348_ecephys+ophys.nwb	aind+ephys	v1.2.2	1cbdbee	7940dfd	v0.3.28	6dabfd0b-86ad-41c4-9859-f683ae120996	756568807	failed	2026-09-18T00:31:46.021337-04:00	2026-09-18T00:31:46.038334-04:00	2026-09-18T00:31:47.766302-04:00	0	2	190
job-260611f34bd7-2	001850	sub-hCO-MEA-Fluidpocket-3/sub-hCO-MEA-Fluidpocket-3_ses-20260216T154348_ecephys+ophys.nwb	aind+ephys	v1.2.2	1cbdbee	7940dfd	v0.3.28	6dabfd0b-86ad-41c4-9859-f683ae120996	756568807	failed	2026-09-18T00:31:49.134025-04:00	2026-09-18T00:31:49.063975-04:00	2026-09-18T00:31:51.508198-04:00	0	2	190
job-260611f34bd7-3	001850	sub-hCO-MEA-Fluidpocket-3/sub-hCO-MEA-Fluidpocket-3_ses-20260216T154348_ecephys+ophys.nwb	aind+ephys	v1.2.2	1cbdbee	7940dfd	v0.3.28	6dabfd0b-86ad-41c4-9859-f683ae120996	756568807	failed	2026-09-18T00:31:52.809389-04:00	2026-09-18T00:31:53.248991-04:00	2026-09-18T00:31:55.348337-04:00	0	2	190
job-260715fddcff	001850	sub-hCO-MEA-Fluidpocket-3/sub-hCO-MEA-Fluidpocket-3_ses-20260216T154348_ecephys+ophys.nwb	aind+ephys	v1.2.4	1cbdbee	7940dfd	v0.3.49	6dabfd0b-86ad-41c4-9859-f683ae120996	756568807	failed	2026-09-18T00:31:56.681308-04:00	2026-09-18T00:31:56.733491-04:00	2026-09-18T00:31:58.280196-04:00	0	2	212
job-260717fddcff	001850	sub-hCO-MEA-Fluidpocket-3/sub-hCO-MEA-Fluidpocket-3_ses-20260216T154348_ecephys+ophys.nwb	aind+ephys	v1.2.4	1cbdbee	7940dfd	v0.3.49	6dabfd0b-86ad-41c4-9859-f683ae120996	756568807	failed	2026-09-18T00:31:59.640396-04:00	2026-09-18T00:31:59.659740-04:00	2026-09-18T00:32:02.274318-04:00	0	3	194
job-260718fddcff	001850	sub-hCO-MEA-Fluidpocket-3/sub-hCO-MEA-Fluidpocket-3_ses-20260216T154348_ecephys+ophys.nwb	aind+ephys	v1.2.4	1cbdbee	7940dfd	v0.3.49	6dabfd0b-86ad-41c4-9859-f683ae120996	756568807	failed	2026-09-18T00:32:03.374903-04:00	2026-09-18T00:32:03.784631-04:00	2026-09-18T00:32:05.102298-04:00	0	1	190
job-2609106f53ab	001850	sub-hCO-MEA-Fluidpocket-3/sub-hCO-MEA-Fluidpocket-3_ses-20260216T154348_ecephys+ophys.nwb	aind+ephys	v1.2.2	1cbdbee	0d4bf36	v0.3.25	6dabfd0b-86ad-41c4-9859-f683ae120996	756568807	failed	2026-09-16T14:28:23.687501-04:00	2026-09-16T14:28:23.562356-04:00	2026-09-16T14:28:25.987126-04:00	0	2	184
job-2609259957ae	001850	sub-hCO-MEA-Fluidpocket-3/sub-hCO-MEA-Fluidpocket-3_ses-20260216T154348_ecephys+ophys.nwb	lfp	v0.9.5	2f6768c		v0.9.5	6dabfd0b-86ad-41c4-9859-f683ae120996	756568807	stalled	2026-09-27T12:36:51.221760-04:00	2026-09-27T12:36:51.266649-04:00		0		
job-260926f087b5	001940	sub-6-580nm/sub-6-580nm_ses-66_ecephys.nwb	lfp	v0.9.5	2f6768c		v0.9.5	08775010-30f5-43f9-bafd-41dd77dbd605	191723458	stalled	2026-09-27T12:36:59.493045-04:00	2026-09-27T12:36:59.462810-04:00		0		
job-2609252f64ef	001942	sub-wilbur/sub-wilbur_ses-wilbur-20210403_behavior+ecephys+image.nwb	lfp	v0.9.5	2f6768c		v0.9.5	08b887e2-fe7d-4e7c-b37e-89f514576184	643438287537	stalled	2026-09-27T12:37:08.143779-04:00	2026-09-27T12:37:08.157091-04:00		0		
